month,open,high,low,close,trading_days
2006-01,2836.80,3005.10,2783.85,3001.10,20
2006-02,3001.30,3090.30,2928.10,3074.70,19
2006-03,3074.60,3433.85,3064.00,3402.55,22
2006-04,3403.15,3598.95,3290.35,3557.60,18
2006-05,3557.55,3774.15,2896.40,3071.05,22
2006-06,3072.55,3134.15,2595.65,3128.20,23
2006-07,3128.75,3208.85,2878.25,3143.20,21
2006-08,3128.20,3452.30,3113.60,3413.90,22
2006-09,3414.00,3603.70,3328.45,3588.40,21
2006-10,3588.95,3782.85,3508.65,3744.10,20
2006-11,3744.10,3976.80,3737.00,3954.50,22
2006-12,3955.70,4046.85,3657.65,3966.40,20
2007-01,3966.25,4167.15,3833.60,4082.70,20
2007-02,4083.40,4245.30,3674.85,3745.30,19
2007-03,3745.40,3901.75,3554.50,3821.55,21
2007-04,3820.00,4217.90,3617.00,4087.90,20
2007-05,4089.45,4306.75,3981.15,4295.80,21
2007-06,4296.05,4362.95,4100.80,4318.30,21
2007-07,4318.40,4647.95,4304.00,4528.85,22
2007-08,4528.85,4532.90,4002.20,4464.00,22
2007-09,4466.65,5055.80,4445.55,5021.35,20
2007-10,5021.50,5976.00,5000.95,5900.65,22
2007-11,5903.80,6011.95,5394.35,5762.75,22
2007-12,5765.45,6185.40,5676.70,6138.60,19
2008-01,6136.75,6357.10,4448.50,5137.45,23
2008-02,5140.60,5545.20,4803.60,5223.50,21
2008-03,5222.80,5222.80,4468.55,4734.50,18
2008-04,4735.65,5230.75,4628.75,5165.90,20
2008-05,5265.30,5298.85,4801.90,4870.10,20
2008-06,4869.25,4908.80,4021.70,4040.55,21
2008-07,4039.75,4539.45,3790.20,4332.95,23
2008-08,4331.60,4649.85,4201.85,4360.00,20
2008-09,4356.10,4558.00,3715.05,3921.20,21
2008-10,3921.85,4000.50,2252.75,2885.60,20
2008-11,2885.40,3240.55,2502.90,2755.10,18
2008-12,2755.15,3110.45,2570.70,2959.15,21
2009-01,2963.30,3147.20,2661.65,2874.80,20
2009-02,2872.35,2969.75,2677.55,2763.65,19
2009-03,2764.60,3123.35,2539.45,3020.95,20
2009-04,3023.85,3517.25,2965.70,3473.95,17
2009-05,3478.70,4509.40,3478.70,4448.95,20
2009-06,4450.40,4693.20,4143.25,4291.10,22
2009-07,4292.30,4669.75,3918.75,4636.45,23
2009-08,4633.80,4743.75,4353.45,4662.10,21
2009-09,4662.20,5087.60,4576.60,5083.95,20
2009-10,5087.20,5181.95,4687.50,4711.70,20
2009-11,4712.25,5138.00,4538.50,5032.70,20
2009-12,5039.70,5221.85,4943.95,5201.05,21
2010-01,5200.90,5310.85,4766.00,4882.05,19
2010-02,4882.05,4992.00,4675.40,4922.30,20
2010-03,4935.60,5329.55,4935.35,5249.10,21
2010-04,5249.20,5399.65,5160.90,5278.00,20
2010-05,5278.40,5278.70,4786.45,5086.30,21
2010-06,5086.25,5366.75,4961.05,5312.50,22
2010-07,5312.05,5477.50,5225.60,5367.60,22
2010-08,5369.55,5549.80,5348.90,5402.40,22
2010-09,5403.05,6073.50,5403.05,6029.95,21
2010-10,6030.30,6284.10,5937.10,6017.70,21
2010-11,6092.30,6338.50,5690.35,5862.70,21
2010-12,5871.00,6147.30,5721.15,6134.50,22
2011-01,6177.45,6181.05,5416.65,5505.90,20
2011-02,5537.30,5599.25,5177.70,5333.25,20
2011-03,5382.00,5872.00,5348.20,5833.75,22
2011-04,5835.00,5944.45,5693.25,5749.50,18
2011-05,5766.90,5775.25,5328.70,5560.15,22
2011-06,5561.05,5657.90,5195.90,5647.40,22
2011-07,5705.75,5740.40,5453.95,5482.00,21
2011-08,5527.50,5551.90,4720.00,5001.00,21
2011-09,5109.80,5169.25,4758.85,4943.25,21
2011-10,4874.40,5399.70,4728.30,5326.60,19
2011-11,5278.60,5326.45,4639.10,4832.05,20
2011-12,4970.85,5099.25,4531.15,4624.30,21
2012-01,4640.20,5217.00,4588.05,5199.25,22
2012-02,5198.15,5629.95,5159.00,5385.20,20
2012-03,5366.00,5499.40,5135.95,5295.55,22
2012-04,5296.35,5378.75,5154.30,5248.15,20
2012-05,5254.30,5279.60,4788.95,4924.25,22
2012-06,4910.85,5286.25,4770.35,5278.90,21
2012-07,5283.85,5348.55,5032.40,5229.00,22
2012-08,5220.70,5448.60,5164.65,5258.50,21
2012-09,5276.50,5735.15,5215.70,5703.30,20
2012-10,5704.75,5815.35,4888.20,5619.70,21
2012-11,5609.85,5885.25,5548.35,5879.85,20
2012-12,5878.25,5965.15,5823.15,5905.10,20
2013-01,5937.65,6111.80,5935.20,6034.75,23
2013-02,6040.95,6052.95,5671.90,5693.05,20
2013-03,5702.45,5971.20,5604.85,5682.55,19
2013-04,5697.35,5962.30,5477.20,5930.20,20
2013-05,5911.40,6229.45,5910.95,5985.95,23
2013-06,5997.35,6011.00,5566.25,5842.20,20
2013-07,5834.10,6093.35,5675.75,5742.00,23
2013-08,5776.90,5808.50,5118.85,5471.80,20
2013-09,5480.25,6142.50,5318.90,5735.30,20
2013-10,5756.10,6309.05,5700.95,6299.15,21
2013-11,6289.75,6342.95,5972.45,6176.10,20
2013-12,6171.15,6415.25,6129.95,6304.00,21
2014-01,6323.80,6358.30,6027.25,6089.50,23
2014-02,6058.80,6282.70,5933.30,6276.95,19
2014-03,6264.35,6730.05,6212.25,6704.20,21
2014-04,6729.50,6869.85,6650.40,6696.40,18
2014-05,6709.95,7563.50,6638.55,7229.95,21
2014-06,7264.05,7700.05,7239.50,7611.35,21
2014-07,7629.00,7840.95,7422.15,7721.30,22
2014-08,7662.50,7968.25,7540.10,7954.35,19
2014-09,7990.35,8180.20,7841.80,7964.80,22
2014-10,7960.50,8330.75,7723.85,8322.20,18
2014-11,8348.15,8617.00,8290.25,8588.25,18
2014-12,8605.10,8626.95,7961.35,8282.70,22
2015-01,8272.80,8996.60,8065.45,8808.90,21
2015-02,8802.50,8941.10,8470.50,8901.85,20
2015-03,8953.85,9119.20,8269.15,8491.00,21
2015-04,8483.70,8844.80,8144.75,8181.50,19
2015-05,8230.05,8489.55,7997.15,8433.65,20
2015-06,8417.25,8467.15,7940.30,8368.50,22
2015-07,8376.25,8654.75,8315.40,8532.85,23
2015-08,8510.65,8621.55,7667.25,7971.30,21
2015-09,7907.95,8055.00,7539.50,7948.90,20
2015-10,7992.05,8336.30,7930.65,8065.80,20
2015-11,8054.55,8116.10,7714.15,7935.25,19
2015-12,7958.15,7979.30,7551.05,7946.35,22
2016-01,7938.45,7972.55,7241.50,7563.55,20
2016-02,7589.50,7600.45,6825.80,6987.05,21
2016-03,7038.25,7777.60,7035.10,7738.40,20
2016-04,7718.05,7992.00,7516.85,7849.80,18
2016-05,7822.70,8213.60,7678.35,8160.10,22
2016-06,8179.20,8308.15,7927.05,8287.75,22
2016-07,8313.05,8674.70,8287.55,8638.50,20
2016-08,8654.30,8819.20,8518.15,8786.20,22
2016-09,8793.60,8968.70,8555.20,8611.15,20
2016-10,8666.15,8806.95,8506.15,8625.70,19
2016-11,8653.15,8669.60,7916.40,8224.50,21
2016-12,8244.00,8274.95,7893.80,8185.80,22
2017-01,8210.10,8672.70,8133.80,8561.30,21
2017-02,8570.35,8982.15,8537.50,8879.60,19
2017-03,8904.40,9218.40,8860.10,9173.75,22
2017-04,9220.60,9367.15,9075.15,9304.05,18
2017-05,9339.85,9649.60,9269.90,9621.25,22
2017-06,9603.55,9709.30,9448.75,9520.90,21
2017-07,9587.95,10114.85,9543.55,10077.10,21
2017-08,10101.05,10137.85,9685.55,9917.90,21
2017-09,9937.65,10178.95,9687.55,9788.60,21
2017-10,9893.30,10384.50,9831.05,10335.30,20
2017-11,10390.35,10490.45,10094.00,10226.55,22
2017-12,10263.70,10552.40,10033.35,10530.70,20
2018-01,10531.70,11171.55,10404.65,11027.70,22
2018-02,11044.55,11117.35,10276.30,10492.85,19
2018-03,10479.95,10525.50,9951.90,10113.70,19
2018-04,10151.65,10759.00,10111.30,10739.35,21
2018-05,10783.85,10929.20,10417.80,10736.15,22
2018-06,10738.45,10893.25,10550.90,10714.30,21
2018-07,10732.35,11366.00,10604.65,11356.50,22
2018-08,11359.80,11760.20,11234.95,11680.50,21
2018-09,11751.80,11751.80,10850.30,10930.45,18
2018-10,10930.90,11035.65,10004.55,10386.60,21
2018-11,10441.70,10922.45,10341.90,10876.75,20
2018-12,10930.70,10985.15,10333.85,10862.55,20
2019-01,10881.70,10987.45,10583.65,10830.95,23
2019-02,10851.35,11118.10,10585.65,10792.50,20
2019-03,10842.65,11630.35,10817.00,11623.90,19
2019-04,11665.20,11856.15,11549.10,11748.15,19
2019-05,11725.55,12041.15,11108.30,11922.80,22
2019-06,11953.75,12103.05,11625.10,11788.85,19
2019-07,11839.90,11981.75,10999.40,11118.00,23
2019-08,11060.20,11181.45,10637.15,11023.25,20
2019-09,10960.95,11694.85,10670.25,11474.45,19
2019-10,11515.40,11945.00,11090.15,11877.45,20
2019-11,11886.60,12158.80,11802.65,12056.05,20
2019-12,12137.05,12293.90,11832.30,12168.45,21
2020-01,12202.15,12430.50,11929.60,11962.10,23
2020-02,11939.00,12246.70,11175.05,11201.75,20
2020-03,11387.35,11433.00,7511.10,8597.75,21
2020-04,8584.10,9889.05,8055.80,9859.90,18
2020-05,9533.50,9598.85,8806.75,9580.30,19
2020-06,9726.85,10553.15,9544.35,10302.10,22
2020-07,10323.80,11341.40,10299.60,11073.45,23
2020-08,11057.55,11794.25,10882.25,11387.50,21
2020-09,11464.30,11618.10,10790.20,11247.55,22
2020-10,11364.45,12025.45,11347.05,11642.40,21
2020-11,11697.35,13145.85,11557.40,12968.95,20
2020-12,13062.20,14024.85,12962.80,13981.75,22
2021-01,13996.10,14753.55,13596.75,13634.60,20
2021-02,13758.60,15431.75,13661.75,14529.15,20
2021-03,14702.50,15336.30,14264.40,14690.70,21
2021-04,14798.40,15044.35,14151.40,14631.10,19
2021-05,14481.05,15606.35,14416.25,15582.80,20
2021-06,15629.65,15915.65,15450.90,15721.50,22
2021-07,15755.05,15962.25,15513.45,15763.05,21
2021-08,15874.90,17153.50,15834.65,17132.20,21
2021-09,17185.60,17947.65,17055.05,17618.15,21
2021-10,17531.90,18604.45,17452.90,17671.65,20
2021-11,17783.15,18210.15,16782.40,16983.20,20
2021-12,17104.40,17639.50,16410.20,17354.05,23
2022-01,17387.15,18350.95,16836.80,17339.85,20
2022-02,17529.45,17794.60,16203.25,16793.90,20
2022-03,16593.10,17559.80,15671.45,17464.75,21
2022-04,17436.90,18114.65,16824.70,17102.55,19
2022-05,16924.45,17132.85,15735.75,16584.55,21
2022-06,16594.40,16793.85,15183.40,15780.25,22
2022-07,15703.70,17172.80,15511.05,17158.25,21
2022-08,17243.20,17992.20,17154.80,17759.30,20
2022-09,17485.70,18096.15,16747.70,17094.35,22
2022-10,17102.10,18022.80,16855.55,18012.20,19
2022-11,18130.70,18816.05,17959.20,18758.35,21
2022-12,18871.95,18887.60,17774.25,18105.30,22
2023-01,18131.70,18251.95,17405.55,17662.15,21
2023-02,17811.60,18134.75,17255.20,17303.95,20
2023-03,17360.10,17799.95,16828.35,17359.75,21
2023-04,17427.95,18089.15,17312.75,18065.00,17
2023-05,18124.80,18662.45,18042.40,18534.40,22
2023-06,18579.40,19201.70,18464.55,19189.05,21
2023-07,19246.50,19991.85,19234.40,19753.80,21
2023-08,19784.00,19795.60,19223.65,19253.80,22
2023-09,19258.15,20222.45,19255.70,19638.30,20
2023-10,19622.40,19849.75,18837.85,19079.60,20
2023-11,19064.05,20158.70,18973.70,20133.15,21
2023-12,20194.10,21801.45,20183.70,21731.40,20
2024-01,21727.75,22124.15,21137.20,21725.70,22
2024-02,21780.65,22297.50,21530.20,21982.80,21
2024-03,22048.30,22526.60,21710.20,22326.90,19
2024-04,22455.00,22783.35,21777.65,22604.85,20
2024-05,22567.85,23110.80,21821.05,22530.70,22
2024-06,23337.90,24174.00,21281.45,24010.60,19
2024-07,23992.95,24999.75,23992.70,24951.15,22
2024-08,25030.95,25268.35,23893.70,25235.90,21
2024-09,25333.60,26277.35,24753.15,25810.85,21
2024-10,25788.45,25907.60,24073.90,24205.35,22
2024-11,24302.75,24537.60,23263.15,24131.10,19
2024-12,24140.85,24857.75,23460.45,23644.80,21
2025-01,23637.65,24226.70,22786.90,23508.40,23
2025-02,23528.60,23807.30,22104.85,22124.70,20
2025-03,22194.55,23869.60,21964.60,23519.35,19
2025-04,23341.10,24457.65,21743.65,24334.20,19
2025-05,24311.90,25116.25,23935.75,24750.70,21
2025-06,24669.70,25669.35,24473.00,25517.05,21
2025-07,25551.35,25608.10,24598.60,24768.35,23
2025-08,24734.90,25153.65,24337.50,24426.85,19
2025-09,24432.70,25448.95,24432.70,24611.10,22
2025-10,24620.55,26104.20,24605.95,25722.10,21
2025-11,25696.85,26310.45,25318.45,26202.95,19
2025-12,26325.80,26325.80,25693.25,26129.60,22
2026-01,26173.30,26373.20,24919.80,25320.65,20
2026-02,25333.75,26341.20,24571.75,25178.65,21
2026-03,24659.25,24989.35,22283.85,22331.40,19
2026-04,22899.00,24601.70,22182.55,23997.55,20
2026-05,24063.55,24482.10,23262.55,23547.75,19
2026-06,23654.50,24261.60,23070.15,23865.75,21
2026-07,23897.65,24530.90,23606.30,24383.60,23
2026-08,24572.70,24774.30,23993.60,24080.40,21
2026-09,24077.55,24143.15,22569.65,22620.45,21
2026-10,22543.70,22776.10,22179.90,22231.80,5
