expiry,days,strike,iv_pct,ce_ltp,ce_oi_lots,ce_delta,ce_gamma,ce_theta_rs_day,ce_vega_rs_volpt,pe_ltp,pe_oi_lots,pe_delta,pe_gamma,pe_theta_rs_day,pe_vega_rs_volpt
2026-10-13,4.0,20800.0,30.8,2952.0,0,0.9957,0.000022,-11.44,0.37,1.3,23465,-0.0056,0.000022,-0.97,0.37
2026-10-13,4.0,20900.0,30.21,2853.0,0,0.9939,0.000029,-11.75,0.48,1.75,14755,-0.0074,0.000029,-1.26,0.48
2026-10-13,4.0,21000.0,28.64,1564.25,154,0.9933,0.000032,-11.79,0.52,1.8,192334,-0.008,0.000032,-1.29,0.52
2026-10-13,4.0,21100.0,27.05,2655.45,0,0.9927,0.000037,-11.83,0.55,1.85,21415,-0.0086,0.000037,-1.31,0.55
2026-10-13,4.0,21200.0,25.62,1368.45,0,0.9916,0.000043,-11.93,0.61,2.0,99922,-0.0097,0.000043,-1.39,0.61
2026-10-13,4.0,21300.0,24.22,1177.5,42,0.9902,0.000051,-12.05,0.69,2.2,74979,-0.0112,0.000051,-1.5,0.69
2026-10-13,4.0,21400.0,22.88,1163.95,39,0.9881,0.000063,-12.23,0.8,2.5,72830,-0.0132,0.000063,-1.67,0.8
2026-10-13,4.0,21500.0,21.63,1065.55,1106,0.9852,0.000079,-12.48,0.95,2.95,199264,-0.0161,0.000079,-1.9,0.95
2026-10-13,4.0,21600.0,20.35,967.1,135,0.9815,0.000100,-12.77,1.13,3.5,58271,-0.0198,0.000100,-2.17,1.13
2026-10-13,4.0,21700.0,18.9,862.5,307,0.9775,0.000126,-13.0,1.32,4.0,85255,-0.0238,0.000126,-2.39,1.32
2026-10-13,4.0,21800.0,17.66,765.25,1056,0.9706,0.000167,-13.45,1.64,5.0,129723,-0.0307,0.000167,-2.83,1.64
2026-10-13,4.0,21900.0,16.57,669.0,1271,0.9594,0.000229,-14.15,2.11,6.7,73989,-0.0419,0.000229,-3.51,2.11
2026-10-13,4.0,22000.0,15.42,572.0,7697,0.9435,0.000318,-14.96,2.73,9.05,197529,-0.0578,0.000318,-4.31,2.73
2026-10-13,4.0,22100.0,14.38,477.0,5377,0.9184,0.000451,-16.07,3.6,12.9,94002,-0.0829,0.000451,-5.4,3.6
2026-10-13,4.0,22200.0,13.39,380.1,17475,0.8792,0.000642,-17.43,4.78,19.15,134443,-0.1221,0.000642,-6.74,4.78
2026-10-13,4.0,22300.0,12.52,293.15,29674,0.8176,0.000901,-18.93,6.27,29.75,177849,-0.1837,0.000901,-8.23,6.27
2026-10-13,4.0,22400.0,11.69,208.9,45228,0.7268,0.001211,-19.99,7.86,46.8,167264,-0.2745,0.001211,-9.27,7.86
2026-10-13,4.0,22500.0,10.98,137.05,152284,0.5997,0.001495,-19.84,9.13,74.7,202941,-0.4017,0.001495,-9.11,9.13
2026-10-13,4.0,22600.0,10.63,82.95,119307,0.4449,0.001579,-17.82,9.33,119.7,63673,-0.5564,0.001579,-7.07,9.33
2026-10-13,4.0,22700.0,10.39,44.65,147283,0.2918,0.001402,-13.74,8.1,180.0,48357,-0.7095,0.001402,-2.98,8.1
2026-10-13,4.0,22800.0,10.41,22.3,129363,0.1708,0.001035,-9.18,5.99,257.3,15768,-0.8305,0.001035,1.6,5.99
2026-10-13,4.0,22900.0,10.58,10.6,148191,0.0917,0.000660,-5.45,3.88,345.35,8409,-0.9096,0.000660,5.34,3.88
2026-10-13,4.0,23000.0,11.39,6.2,223649,0.0547,0.000413,-3.62,2.61,442.2,13312,-0.9466,0.000413,7.19,2.61
2026-10-13,4.0,23100.0,12.08,3.55,104804,0.032,0.000252,-2.29,1.69,538.65,4439,-0.9693,0.000252,8.53,1.69
2026-10-13,4.0,23200.0,13.01,2.35,118967,0.0209,0.000164,-1.62,1.18,636.0,3773,-0.9804,0.000164,9.22,1.18
2026-10-13,4.0,23300.0,13.97,1.65,85318,0.0143,0.000110,-1.19,0.86,735.25,3854,-0.987,0.000110,9.66,0.86
2026-10-13,4.0,23400.0,15.0,1.25,70796,0.0104,0.000078,-0.93,0.65,840.7,3347,-0.9909,0.000078,9.93,0.65
2026-10-13,4.0,23500.0,16.17,1.05,149066,0.0083,0.000060,-0.8,0.54,934.0,4800,-0.993,0.000060,10.08,0.54
2026-10-13,4.0,23600.0,17.21,0.85,41936,0.0065,0.000045,-0.66,0.43,1039.9,952,-0.9948,0.000045,10.23,0.43
2026-10-13,4.0,23700.0,18.09,0.65,36070,0.0049,0.000033,-0.52,0.33,1135.0,475,-0.9964,0.000033,10.39,0.33
2026-10-13,4.0,23800.0,19.46,0.65,46501,0.0045,0.000029,-0.52,0.31,1235.7,466,-0.9968,0.000029,10.41,0.31
2026-10-13,4.0,23900.0,20.46,0.55,28470,0.0037,0.000023,-0.45,0.26,1327.0,1434,-0.9976,0.000023,10.49,0.26
2026-10-13,4.0,24000.0,21.58,0.5,121705,0.0033,0.000019,-0.41,0.23,1438.25,4642,-0.998,0.000019,10.55,0.23
2026-10-19,10.0,20800.0,23.68,2436.25,0,0.9853,0.000047,-8.79,1.53,5.3,2848,-0.0165,0.000047,-1.56,1.53
2026-10-19,10.0,20900.0,22.49,2338.15,0,0.9845,0.000051,-8.79,1.6,5.3,5969,-0.0173,0.000051,-1.54,1.6
2026-10-19,10.0,21000.0,21.96,1378.4,40,0.9808,0.000062,-9.05,1.89,6.45,31671,-0.0211,0.000062,-1.79,1.89
2026-10-19,10.0,21100.0,21.04,2143.1,0,0.9781,0.000071,-9.16,2.08,7.05,3978,-0.0237,0.000071,-1.89,2.08
2026-10-19,10.0,21200.0,20.18,2046.4,0,0.9746,0.000083,-9.32,2.34,7.9,7486,-0.0272,0.000083,-2.03,2.34
2026-10-19,10.0,21300.0,19.34,1950.35,0,0.9703,0.000098,-9.51,2.64,8.95,6405,-0.0315,0.000098,-2.2,2.64
2026-10-19,10.0,21400.0,18.63,1444.1,1,0.9641,0.000118,-9.78,3.06,10.6,8904,-0.0377,0.000118,-2.46,3.06
2026-10-19,10.0,21500.0,17.94,1109.85,109,0.956,0.000144,-10.11,3.58,12.75,28579,-0.0458,0.000144,-2.77,3.58
2026-10-19,10.0,21600.0,17.15,1025.0,18,0.9471,0.000173,-10.4,4.13,15.0,8148,-0.0548,0.000173,-3.05,4.13
2026-10-19,10.0,21700.0,16.45,905.5,17,0.9347,0.000212,-10.78,4.85,18.25,19333,-0.0671,0.000212,-3.42,4.85
2026-10-19,10.0,21800.0,15.89,808.9,254,0.9172,0.000262,-11.31,5.78,23.2,16652,-0.0846,0.000262,-3.92,5.78
2026-10-19,10.0,21900.0,15.24,716.05,353,0.8963,0.000321,-11.79,6.81,29.0,9238,-0.1055,0.000321,-4.39,6.81
2026-10-19,10.0,22000.0,14.9,627.8,2332,0.8648,0.000395,-12.52,8.18,39.0,28390,-0.137,0.000395,-5.11,8.18
2026-10-19,10.0,22100.0,14.34,542.15,346,0.8295,0.000478,-13.05,9.52,49.9,8083,-0.1723,0.000478,-5.62,9.52
2026-10-19,10.0,22200.0,13.94,454.75,2835,0.7828,0.000569,-13.62,11.02,65.9,16017,-0.219,0.000569,-6.18,11.02
2026-10-19,10.0,22300.0,13.43,380.3,5480,0.7281,0.000665,-13.93,12.42,85.15,17390,-0.2737,0.000665,-6.48,12.42
2026-10-19,10.0,22400.0,12.94,306.35,6051,0.6626,0.000760,-13.98,13.66,109.95,11239,-0.3392,0.000760,-6.51,13.66
2026-10-19,10.0,22500.0,12.63,236.15,19360,0.5854,0.000830,-13.79,14.56,144.0,22775,-0.4165,0.000830,-6.3,14.56
2026-10-19,10.0,22600.0,12.28,180.7,19595,0.501,0.000873,-13.08,14.9,185.4,11948,-0.5008,0.000873,-5.58,14.9
2026-10-19,10.0,22700.0,11.9,130.4,21683,0.4119,0.000878,-11.86,14.53,239.8,7492,-0.5899,0.000878,-4.35,14.53
2026-10-19,10.0,22800.0,11.79,92.75,16576,0.3262,0.000821,-10.42,13.45,293.25,3522,-0.6757,0.000821,-2.89,13.45
2026-10-19,10.0,22900.0,11.61,62.75,16952,0.2465,0.000729,-8.65,11.77,365.0,1062,-0.7553,0.000729,-1.1,11.77
2026-10-19,10.0,23000.0,11.51,41.1,34139,0.1786,0.000609,-6.84,9.74,447.9,3304,-0.8232,0.000609,0.72,9.74
2026-10-19,10.0,23100.0,11.54,26.7,16586,0.1259,0.000481,-5.24,7.72,532.0,542,-0.8759,0.000481,2.34,7.72
2026-10-19,10.0,23200.0,11.56,16.75,29036,0.0854,0.000363,-3.83,5.82,618.85,378,-0.9164,0.000363,3.76,5.82
2026-10-19,10.0,23300.0,12.04,12.2,16710,0.0631,0.000276,-3.07,4.62,716.15,265,-0.9387,0.000276,4.54,4.62
2026-10-19,10.0,23400.0,12.42,8.6,11420,0.0455,0.000206,-2.38,3.56,817.35,184,-0.9563,0.000206,5.25,3.56
2026-10-19,10.0,23500.0,12.88,6.3,20255,0.0336,0.000156,-1.88,2.79,909.5,702,-0.9682,0.000156,5.76,2.79
2026-10-19,10.0,23600.0,13.01,4.0,4695,0.0223,0.000110,-1.31,1.98,996.0,110,-0.9795,0.000110,6.34,1.98
2026-10-19,10.0,23700.0,13.39,2.85,13290,0.0161,0.000081,-1.0,1.5,1110.0,86,-0.9857,0.000081,6.67,1.5
2026-10-19,10.0,23800.0,14.02,2.35,18739,0.013,0.000064,-0.86,1.25,1199.8,9,-0.9888,0.000064,6.83,1.25
2026-10-19,10.0,23900.0,14.38,1.7,14367,0.0095,0.000047,-0.65,0.95,1301.5,10,-0.9923,0.000047,7.04,0.95
2026-10-19,10.0,24000.0,15.19,1.6,19071,0.0085,0.000041,-0.62,0.87,1402.45,420,-0.9933,0.000041,7.09,0.87
2026-10-27,18.0,20800.0,20.42,1550.0,1,0.972,0.000067,-7.41,3.41,12.1,5093,-0.0301,0.000067,-1.71,3.41
2026-10-27,18.0,20900.0,19.84,1676.8,4,0.968,0.000076,-7.55,3.78,13.55,1499,-0.0341,0.000076,-1.83,3.78
2026-10-27,18.0,21000.0,19.45,1628.2,5036,0.9619,0.000089,-7.78,4.32,16.0,28319,-0.0401,0.000089,-2.05,4.32
2026-10-27,18.0,21100.0,18.73,1340.0,1,0.9576,0.000100,-7.88,4.7,17.35,1766,-0.0445,0.000100,-2.14,4.7
2026-10-27,18.0,21200.0,18.19,1505.0,2,0.9508,0.000116,-8.08,5.26,19.85,7587,-0.0512,0.000116,-2.32,5.26
2026-10-27,18.0,21300.0,17.71,1262.95,15,0.9423,0.000134,-8.31,5.94,23.1,7239,-0.0597,0.000134,-2.53,5.94
2026-10-27,18.0,21400.0,17.27,1281.6,44,0.9317,0.000156,-8.58,6.74,27.3,8705,-0.0704,0.000156,-2.79,6.74
2026-10-27,18.0,21500.0,16.79,1153.85,10226,0.9197,0.000181,-8.85,7.61,32.0,52049,-0.0824,0.000181,-3.04,7.61
2026-10-27,18.0,21600.0,16.32,1083.95,35,0.9052,0.000210,-9.13,8.58,37.75,8543,-0.0969,0.000210,-3.3,8.58
2026-10-27,18.0,21700.0,15.91,954.85,78,0.8873,0.000244,-9.44,9.7,45.15,9767,-0.1147,0.000244,-3.6,9.7
2026-10-27,18.0,21800.0,15.46,874.0,610,0.8668,0.000281,-9.73,10.88,53.6,19783,-0.1352,0.000281,-3.88,10.88
2026-10-27,18.0,21900.0,15.15,790.0,955,0.8404,0.000324,-10.09,12.26,65.55,11348,-0.1616,0.000324,-4.22,12.26
2026-10-27,18.0,22000.0,14.87,705.0,19087,0.8092,0.000369,-10.44,13.71,80.45,73170,-0.1928,0.000369,-4.55,13.71
2026-10-27,18.0,22100.0,14.54,617.65,1527,0.7742,0.000416,-10.7,15.12,97.5,14806,-0.2278,0.000416,-4.8,15.12
2026-10-27,18.0,22200.0,14.28,543.55,13715,0.7333,0.000462,-10.93,16.52,119.1,34893,-0.2688,0.000462,-5.01,16.52
2026-10-27,18.0,22300.0,13.91,469.0,20177,0.6887,0.000510,-10.99,17.75,142.85,58166,-0.3134,0.000510,-5.06,17.75
2026-10-27,18.0,22400.0,13.66,400.5,24763,0.6378,0.000550,-10.99,18.81,173.05,29720,-0.3643,0.000550,-5.04,18.81
2026-10-27,18.0,22500.0,13.25,332.0,57198,0.5834,0.000590,-10.73,19.57,205.15,69314,-0.4186,0.000590,-4.77,19.57
2026-10-27,18.0,22600.0,12.8,270.9,32842,0.5242,0.000623,-10.28,19.96,242.0,26843,-0.4779,0.000623,-4.3,19.96
2026-10-27,18.0,22700.0,12.67,219.5,46985,0.4616,0.000628,-9.8,19.9,291.1,27942,-0.5404,0.000628,-3.82,19.9
2026-10-27,18.0,22800.0,12.48,174.0,50255,0.3985,0.000619,-9.11,19.33,345.45,22253,-0.6035,0.000619,-3.11,19.33
2026-10-27,18.0,22900.0,12.29,134.9,21562,0.3365,0.000594,-8.26,18.27,401.45,9737,-0.6656,0.000594,-2.24,18.27
2026-10-27,18.0,23000.0,12.16,102.95,95502,0.278,0.000552,-7.32,16.8,470.85,57767,-0.724,0.000552,-1.29,16.8
2026-10-27,18.0,23100.0,12.02,76.6,24143,0.224,0.000498,-6.3,14.98,549.95,23043,-0.778,0.000498,-0.25,14.98
2026-10-27,18.0,23200.0,11.91,56.0,43743,0.1764,0.000435,-5.29,12.97,627.05,28709,-0.8256,0.000435,0.77,12.97
2026-10-27,18.0,23300.0,11.95,41.5,46142,0.1383,0.000370,-4.43,11.05,705.55,35393,-0.8637,0.000370,1.65,11.05
2026-10-27,18.0,23400.0,12.04,30.7,31620,0.1074,0.000307,-3.66,9.25,795.3,18657,-0.8947,0.000307,2.44,9.25
2026-10-27,18.0,23500.0,12.25,23.45,138992,0.0845,0.000253,-3.06,7.75,886.25,80346,-0.9175,0.000253,3.05,7.75
2026-10-27,18.0,23600.0,12.31,16.9,19692,0.0638,0.000203,-2.44,6.25,987.65,10553,-0.9383,0.000203,3.69,6.25
2026-10-27,18.0,23700.0,12.65,13.45,15258,0.0512,0.000166,-2.08,5.26,1080.15,6104,-0.9508,0.000166,4.06,5.26
2026-10-27,18.0,23800.0,12.83,10.1,25179,0.0395,0.000133,-1.68,4.27,1178.0,7423,-0.9626,0.000133,4.47,4.27
2026-10-27,18.0,23900.0,13.29,8.55,8438,0.0331,0.000111,-1.49,3.69,1277.9,3291,-0.9689,0.000111,4.68,3.69
2026-10-27,18.0,24000.0,13.81,7.5,92317,0.0285,0.000095,-1.35,3.27,1365.5,42162,-0.9735,0.000095,4.83,3.27
2026-11-23,45.0,20800.0,18.37,3854.3,0,0.9213,0.000103,-6.18,11.85,54.65,2525,-0.0808,0.000103,-2.05,11.85
2026-11-23,45.0,20900.0,18.17,3757.7,0,0.9118,0.000113,-6.34,12.87,61.7,316,-0.0902,0.000113,-2.19,12.87
2026-11-23,45.0,21000.0,17.79,1768.0,527,0.9036,0.000123,-6.43,13.73,67.05,14599,-0.0985,0.000123,-2.27,13.73
2026-11-23,45.0,21100.0,17.29,3565.5,0,0.8959,0.000134,-6.49,14.5,71.35,707,-0.1061,0.000134,-2.31,14.5
2026-11-23,45.0,21200.0,17.06,1581.0,2,0.8839,0.000147,-6.63,15.65,80.15,4018,-0.1181,0.000147,-2.44,15.65
2026-11-23,45.0,21300.0,16.71,1485.0,2,0.8723,0.000160,-6.73,16.71,88.0,1431,-0.1297,0.000160,-2.52,16.71
2026-11-23,45.0,21400.0,16.46,3280.1,0,0.8582,0.000174,-6.86,17.94,98.5,1673,-0.1439,0.000174,-2.64,17.94
2026-11-23,45.0,21500.0,16.25,1306.95,525,0.8421,0.000190,-7.0,19.25,110.95,17308,-0.16,0.000190,-2.76,19.25
2026-11-23,45.0,21600.0,15.98,3092.25,0,0.8252,0.000206,-7.11,20.53,123.7,1814,-0.1768,0.000206,-2.86,20.53
2026-11-23,45.0,21700.0,15.64,2999.2,0,0.8077,0.000223,-7.19,21.77,136.5,2375,-0.1943,0.000223,-2.92,21.77
2026-11-23,45.0,21800.0,15.33,1057.0,68,0.7881,0.000240,-7.26,23.06,151.4,3517,-0.2139,0.000240,-2.98,23.06
2026-11-23,45.0,21900.0,15.22,1000.0,48,0.764,0.000257,-7.38,24.49,172.8,2176,-0.238,0.000257,-3.09,24.49
2026-11-23,45.0,22000.0,14.93,905.95,4198,0.7405,0.000276,-7.42,25.75,191.85,40034,-0.2615,0.000276,-3.11,25.75
2026-11-23,45.0,22100.0,14.64,825.0,154,0.7149,0.000295,-7.44,26.97,213.25,2921,-0.2871,0.000295,-3.11,26.97
2026-11-23,45.0,22200.0,14.4,750.3,723,0.6868,0.000312,-7.44,28.13,238.15,6151,-0.3152,0.000312,-3.1,28.13
2026-11-23,45.0,22300.0,14.19,683.05,642,0.6564,0.000329,-7.42,29.19,266.8,3473,-0.3456,0.000329,-3.07,29.19
2026-11-23,45.0,22400.0,14.04,612.0,1007,0.6238,0.000343,-7.38,30.11,299.85,9443,-0.3782,0.000343,-3.01,30.11
2026-11-23,45.0,22500.0,13.64,547.65,9353,0.5909,0.000361,-7.22,30.81,328.75,18879,-0.4111,0.000361,-2.83,30.81
2026-11-23,45.0,22600.0,13.43,489.7,10220,0.5551,0.000373,-7.07,31.32,366.65,2069,-0.447,0.000373,-2.67,31.32
2026-11-23,45.0,22700.0,13.33,430.2,3539,0.5178,0.000379,-6.92,31.58,411.4,2872,-0.4842,0.000379,-2.5,31.58
2026-11-23,45.0,22800.0,13.29,382.25,7571,0.4802,0.000380,-6.74,31.57,456.6,4816,-0.5219,0.000380,-2.31,31.57
2026-11-23,45.0,22900.0,13.09,332.05,1797,0.4417,0.000382,-6.46,31.26,507.2,892,-0.5603,0.000382,-2.02,31.26
2026-11-23,45.0,23000.0,13.13,293.0,32525,0.4049,0.000374,-6.23,30.69,565.8,15628,-0.5972,0.000374,-1.77,30.69
2026-11-23,45.0,23100.0,13.02,253.3,7225,0.3676,0.000366,-5.91,29.83,619.0,2376,-0.6344,0.000366,-1.44,29.83
2026-11-23,45.0,23200.0,12.88,216.0,5460,0.3306,0.000356,-5.54,28.69,690.15,2403,-0.6714,0.000356,-1.05,28.69
2026-11-23,45.0,23300.0,12.77,183.5,3428,0.2951,0.000342,-5.15,27.32,750.9,848,-0.7069,0.000342,-0.65,27.32
2026-11-23,45.0,23400.0,12.7,155.6,3977,0.2618,0.000325,-4.76,25.77,825.05,1407,-0.7402,0.000325,-0.24,25.77
2026-11-23,45.0,23500.0,12.66,131.65,19249,0.231,0.000304,-4.38,24.09,893.2,7424,-0.7711,0.000304,0.15,24.09
2026-11-23,45.0,23600.0,12.6,109.95,3932,0.2016,0.000283,-3.98,22.26,975.4,499,-0.8004,0.000283,0.57,22.26
2026-11-23,45.0,23700.0,12.61,92.7,3040,0.176,0.000260,-3.62,20.48,1050.0,441,-0.826,0.000260,0.95,20.48
2026-11-23,45.0,23800.0,12.64,78.0,6504,0.153,0.000237,-3.27,18.7,1124.3,873,-0.849,0.000237,1.31,18.7
2026-11-23,45.0,23900.0,12.69,65.7,1422,0.1327,0.000214,-2.95,16.98,1240.0,154,-0.8693,0.000214,1.64,16.98
2026-11-23,45.0,24000.0,12.85,56.95,28890,0.1168,0.000193,-2.7,15.53,1311.55,4582,-0.8852,0.000193,1.91,15.53
2026-11-23,45.0,24200.0,13.01,40.6,2916,0.0873,0.000154,-2.17,12.56,1476.8,155,-0.9148,0.000154,2.47,12.56
2026-11-23,45.0,24500.0,13.52,26.5,13830,0.0588,0.000110,-1.63,9.28,1770.25,3220,-0.9432,0.000110,3.06,9.28
2026-11-23,45.0,25000.0,14.83,16.0,17737,0.0351,0.000066,-1.14,6.13,2242.05,6407,-0.9669,0.000066,3.62,6.13
2026-12-29,81.0,21000.0,16.14,1909.3,13541,0.8766,0.000121,-5.43,21.94,110.5,35718,-0.1257,0.000121,-1.66,21.94
2026-12-29,81.0,21500.0,15.1,1494.7,592,0.8155,0.000168,-5.73,28.52,169.5,7839,-0.1868,0.000168,-1.89,28.52
2026-12-29,81.0,21600.0,14.91,1191.65,52,0.8002,0.000178,-5.78,29.91,185.0,824,-0.2021,0.000178,-1.92,29.91
2026-12-29,81.0,21700.0,14.67,1341.0,51,0.7846,0.000189,-5.8,31.25,200.3,1053,-0.2177,0.000189,-1.93,31.25
2026-12-29,81.0,21800.0,14.49,1256.25,68,0.7669,0.000200,-5.83,32.66,219.0,1434,-0.2354,0.000200,-1.95,32.66
2026-12-29,81.0,21900.0,14.33,1177.05,43,0.7479,0.000211,-5.86,34.06,240.0,842,-0.2544,0.000211,-1.96,34.06
2026-12-29,81.0,22000.0,14.19,1095.0,12132,0.7275,0.000222,-5.88,35.43,263.4,53816,-0.2748,0.000222,-1.96,35.43
2026-12-29,81.0,22100.0,13.93,990.05,66,0.7074,0.000234,-5.86,36.65,284.5,585,-0.2949,0.000234,-1.93,36.65
2026-12-29,81.0,22200.0,13.76,950.0,186,0.6851,0.000244,-5.84,37.85,310.3,934,-0.3172,0.000244,-1.9,37.85
2026-12-29,81.0,22300.0,13.59,876.0,520,0.6615,0.000255,-5.81,38.96,338.5,1045,-0.3408,0.000255,-1.85,38.96
2026-12-29,81.0,22400.0,13.49,809.2,333,0.6362,0.000263,-5.78,39.98,372.0,657,-0.3661,0.000263,-1.81,39.98
2026-12-29,81.0,22500.0,13.3,753.95,7961,0.6107,0.000273,-5.71,40.82,404.0,28002,-0.3916,0.000273,-1.72,40.82
2026-12-29,81.0,22600.0,13.22,686.6,535,0.5835,0.000279,-5.65,41.52,442.9,590,-0.4188,0.000279,-1.64,41.52
2026-12-29,81.0,22700.0,12.98,630.45,505,0.5562,0.000288,-5.53,42.02,478.1,877,-0.4462,0.000288,-1.5,42.02
2026-12-29,81.0,22800.0,12.87,573.0,829,0.5276,0.000292,-5.41,42.33,521.15,1480,-0.4747,0.000292,-1.38,42.33
2026-12-29,81.0,22900.0,12.8,519.0,390,0.4986,0.000294,-5.29,42.42,560.0,580,-0.5037,0.000294,-1.24,42.42
2026-12-29,81.0,23000.0,12.84,475.4,23951,0.4699,0.000293,-5.18,42.29,616.0,38549,-0.5324,0.000293,-1.12,42.29
2026-12-29,81.0,23100.0,12.65,425.0,313,0.4402,0.000294,-4.99,41.93,658.0,161,-0.5621,0.000294,-0.91,41.93
2026-12-29,81.0,23200.0,12.58,382.2,997,0.4111,0.000292,-4.82,41.34,713.15,108,-0.5912,0.000292,-0.72,41.34
2026-12-29,81.0,23300.0,12.51,342.45,928,0.3823,0.000288,-4.62,40.53,763.8,59,-0.62,0.000288,-0.51,40.53
2026-12-29,81.0,23400.0,12.47,306.7,795,0.3543,0.000282,-4.43,39.53,1084.8,67,-0.648,0.000282,-0.3,39.53
2026-12-29,81.0,23500.0,12.43,273.85,15708,0.3271,0.000274,-4.22,38.34,890.55,1878,-0.6752,0.000274,-0.08,38.34
2026-12-29,81.0,23600.0,12.33,241.0,900,0.2997,0.000266,-3.98,36.91,997.95,49,-0.7027,0.000266,0.17,36.91
2026-12-29,81.0,23700.0,12.23,211.25,878,0.2731,0.000257,-3.73,35.32,1024.2,48,-0.7292,0.000257,0.44,35.32
2026-12-29,81.0,23800.0,12.28,189.0,1979,0.2503,0.000244,-3.54,33.77,1125.0,50,-0.752,0.000244,0.65,33.77
2026-12-29,81.0,23900.0,12.24,165.85,940,0.227,0.000232,-3.3,32.01,1232.35,38,-0.7753,0.000232,0.9,32.01
2026-12-29,81.0,24000.0,12.32,148.5,53163,0.2073,0.000219,-3.12,30.37,1254.65,31495,-0.795,0.000219,1.1,30.37
2026-12-29,81.0,24500.0,12.29,75.1,3763,0.1201,0.000154,-2.07,21.24,1679.95,106,-0.8822,0.000154,2.21,21.24
2026-12-29,81.0,25000.0,12.86,43.45,63424,0.0732,0.000102,-1.45,14.74,2125.1,24292,-0.9292,0.000102,2.91,14.74
