expiry,days,strike,forward,log_moneyness,iv_pct,side,source,oi
2026-10-13,4.199,20800.0,22509.29,-0.07898,29.88,PE,ltp,2739945
2026-10-13,4.199,20900.0,22509.29,-0.07418,28.677,PE,ltp,1412450
2026-10-13,4.199,21000.0,22509.29,-0.06941,27.404,PE,ltp,12498460
2026-10-13,4.199,21100.0,22509.29,-0.06466,26.147,PE,ltp,2383810
2026-10-13,4.199,21200.0,22509.29,-0.05993,24.884,PE,ltp,7053215
2026-10-13,4.199,21300.0,22509.29,-0.05522,23.422,PE,ltp,4904315
2026-10-13,4.199,21400.0,22509.29,-0.05054,22.227,PE,ltp,5305885
2026-10-13,4.199,21500.0,22509.29,-0.04588,21.12,PE,ltp,11988925
2026-10-13,4.199,21600.0,22509.29,-0.04123,19.912,PE,ltp,5159440
2026-10-13,4.199,21700.0,22509.29,-0.03662,18.796,PE,ltp,6103240
2026-10-13,4.199,21800.0,22509.29,-0.03202,17.748,PE,ltp,9261395
2026-10-13,4.199,21900.0,22509.29,-0.02744,16.895,PE,ltp,6273020
2026-10-13,4.199,22000.0,22509.29,-0.02289,16.198,PE,ltp,13637455
2026-10-13,4.199,22100.0,22509.29,-0.01835,15.474,PE,ltp,7138950
2026-10-13,4.199,22200.0,22509.29,-0.01384,14.792,PE,ltp,12066015
2026-10-13,4.199,22300.0,22509.29,-0.00934,14.197,PE,ltp,17740775
2026-10-13,4.199,22400.0,22509.29,-0.00487,13.592,PE,ltp,17230395
2026-10-13,4.199,22500.0,22509.29,-0.00041,13.119,PE,ltp,14152515
2026-10-13,4.199,22600.0,22509.29,0.00402,12.742,CE,ltp,13546780
2026-10-13,4.199,22700.0,22509.29,0.00844,12.507,CE,ltp,12045800
2026-10-13,4.199,22800.0,22509.29,0.01283,12.291,CE,ltp,10508030
2026-10-13,4.199,22900.0,22509.29,0.01721,12.312,CE,ltp,7733830
2026-10-13,4.199,23000.0,22509.29,0.02157,12.614,CE,ltp,15033005
2026-10-13,4.199,23100.0,22509.29,0.0259,12.903,CE,ltp,6851390
2026-10-13,4.199,23200.0,22509.29,0.03022,13.664,CE,ltp,8401380
2026-10-13,4.199,23300.0,22509.29,0.03453,14.739,CE,ltp,6739005
2026-10-13,4.199,23400.0,22509.29,0.03881,15.984,CE,ltp,5283460
2026-10-13,4.199,23500.0,22509.29,0.04307,17.12,CE,ltp,10167430
2026-10-13,4.199,23600.0,22509.29,0.04732,17.925,CE,ltp,3447535
2026-10-13,4.199,23700.0,22509.29,0.05155,19.098,CE,ltp,3104985
2026-10-13,4.199,23800.0,22509.29,0.05576,20.207,CE,ltp,3743220
2026-10-13,4.199,23900.0,22509.29,0.05995,21.245,CE,ltp,2147405
2026-10-13,4.199,24000.0,22509.29,0.06413,22.559,CE,ltp,10037235
2026-10-19,10.199,20800.0,22542.94,-0.08047,22.823,PE,ltp,179725
2026-10-19,10.199,20900.0,22542.94,-0.07567,22.035,PE,ltp,327665
2026-10-19,10.199,21000.0,22542.94,-0.0709,21.364,PE,ltp,875095
2026-10-19,10.199,21100.0,22542.94,-0.06615,20.645,PE,ltp,197925
2026-10-19,10.199,21200.0,22542.94,-0.06142,19.952,PE,ltp,370955
2026-10-19,10.199,21300.0,22542.94,-0.05671,19.254,PE,ltp,358215
2026-10-19,10.199,21400.0,22542.94,-0.05203,18.643,PE,ltp,466765
2026-10-19,10.199,21500.0,22542.94,-0.04737,18.041,PE,ltp,983450
2026-10-19,10.199,21600.0,22542.94,-0.04273,17.511,PE,ltp,372255
2026-10-19,10.199,21700.0,22542.94,-0.03811,16.864,PE,ltp,506155
2026-10-19,10.199,21800.0,22542.94,-0.03351,16.328,PE,ltp,967135
2026-10-19,10.199,21900.0,22542.94,-0.02894,15.867,PE,ltp,566995
2026-10-19,10.199,22000.0,22542.94,-0.02438,15.396,PE,ltp,1567020
2026-10-19,10.199,22100.0,22542.94,-0.01984,14.932,PE,ltp,400335
2026-10-19,10.199,22200.0,22542.94,-0.01533,14.493,PE,ltp,878150
2026-10-19,10.199,22300.0,22542.94,-0.01084,14.095,PE,ltp,769665
2026-10-19,10.199,22400.0,22542.94,-0.00636,13.646,PE,ltp,716495
2026-10-19,10.199,22500.0,22542.94,-0.00191,13.288,PE,ltp,1036425
2026-10-19,10.199,22600.0,22542.94,0.00253,13.023,CE,ltp,1071070
2026-10-19,10.199,22700.0,22542.94,0.00694,12.744,CE,ltp,1277120
2026-10-19,10.199,22800.0,22542.94,0.01134,12.54,CE,ltp,992160
2026-10-19,10.199,22900.0,22542.94,0.01571,12.417,CE,ltp,983255
2026-10-19,10.199,23000.0,22542.94,0.02007,12.402,CE,ltp,1816750
2026-10-19,10.199,23100.0,22542.94,0.02441,12.376,CE,ltp,547105
2026-10-19,10.199,23200.0,22542.94,0.02873,12.436,CE,ltp,1013675
2026-10-19,10.199,23300.0,22542.94,0.03303,12.608,CE,ltp,1190930
2026-10-19,10.199,23400.0,22542.94,0.03731,12.96,CE,ltp,426855
2026-10-19,10.199,23500.0,22542.94,0.04158,13.374,CE,ltp,1243775
2026-10-19,10.199,23600.0,22542.94,0.04582,13.788,CE,ltp,287300
2026-10-19,10.199,23700.0,22542.94,0.05005,14.165,CE,ltp,641875
2026-10-19,10.199,23800.0,22542.94,0.05426,14.765,CE,ltp,408785
2026-10-19,10.199,23900.0,22542.94,0.05846,15.199,CE,ltp,611065
2026-10-19,10.199,24000.0,22542.94,0.06263,15.887,CE,ltp,1056055
2026-10-27,18.199,20800.0,22576.87,-0.08197,20.37,PE,ltp,386620
2026-10-27,18.199,20900.0,22576.87,-0.07718,19.893,PE,ltp,113165
2026-10-27,18.199,21000.0,22576.87,-0.0724,19.393,PE,ltp,1747720
2026-10-27,18.199,21100.0,22576.87,-0.06765,18.873,PE,ltp,111215
2026-10-27,18.199,21200.0,22576.87,-0.06292,18.386,PE,ltp,472485
2026-10-27,18.199,21300.0,22576.87,-0.05822,17.921,PE,ltp,577850
2026-10-27,18.199,21400.0,22576.87,-0.05354,17.436,PE,ltp,543140
2026-10-27,18.199,21500.0,22576.87,-0.04887,17.002,PE,ltp,3610685
2026-10-27,18.199,21600.0,22576.87,-0.04423,16.639,PE,ltp,479245
2026-10-27,18.199,21700.0,22576.87,-0.03961,16.272,PE,ltp,602095
2026-10-27,18.199,21800.0,22576.87,-0.03502,15.903,PE,ltp,961610
2026-10-27,18.199,21900.0,22576.87,-0.03044,15.57,PE,ltp,693875
2026-10-27,18.199,22000.0,22576.87,-0.02588,15.254,PE,ltp,4714385
2026-10-27,18.199,22100.0,22576.87,-0.02135,14.916,PE,ltp,857220
2026-10-27,18.199,22200.0,22576.87,-0.01683,14.625,PE,ltp,2285985
2026-10-27,18.199,22300.0,22576.87,-0.01234,14.373,PE,ltp,3750045
2026-10-27,18.199,22400.0,22576.87,-0.00787,13.985,PE,ltp,2007395
2026-10-27,18.199,22500.0,22576.87,-0.00341,13.704,PE,ltp,4459650
2026-10-27,18.199,22600.0,22576.87,0.00102,13.375,CE,ltp,2030860
2026-10-27,18.199,22700.0,22576.87,0.00544,13.242,CE,ltp,3114540
2026-10-27,18.199,22800.0,22576.87,0.00983,12.992,CE,ltp,3303040
2026-10-27,18.199,22900.0,22576.87,0.01421,12.758,CE,ltp,1311570
2026-10-27,18.199,23000.0,22576.87,0.01857,12.618,CE,ltp,6099080
2026-10-27,18.199,23100.0,22576.87,0.02291,12.472,CE,ltp,1624350
2026-10-27,18.199,23200.0,22576.87,0.02723,12.413,CE,ltp,2814110
2026-10-27,18.199,23300.0,22576.87,0.03153,12.415,CE,ltp,2955225
2026-10-27,18.199,23400.0,22576.87,0.03581,12.55,CE,ltp,2027220
2026-10-27,18.199,23500.0,22576.87,0.04007,12.74,CE,ltp,8968180
2026-10-27,18.199,23600.0,22576.87,0.04432,12.831,CE,ltp,1221610
2026-10-27,18.199,23700.0,22576.87,0.04855,13.022,CE,ltp,1013935
2026-10-27,18.199,23800.0,22576.87,0.05276,13.29,CE,ltp,1675180
2026-10-27,18.199,23900.0,22576.87,0.05695,13.742,CE,ltp,521495
2026-10-27,18.199,24000.0,22576.87,0.06113,14.272,CE,ltp,5972525
2026-11-23,45.199,20800.0,22665.24,-0.08588,18.079,PE,ltp,156520
2026-11-23,45.199,20900.0,22665.24,-0.08108,17.849,PE,ltp,15145
2026-11-23,45.199,21000.0,22665.24,-0.07631,17.52,PE,ltp,941525
2026-11-23,45.199,21100.0,22665.24,-0.07156,17.266,PE,ltp,45955
2026-11-23,45.199,21200.0,22665.24,-0.06683,16.957,PE,ltp,79690
2026-11-23,45.199,21300.0,22665.24,-0.06213,16.7,PE,ltp,75985
2026-11-23,45.199,21400.0,22665.24,-0.05744,16.481,PE,ltp,93340
2026-11-23,45.199,21500.0,22665.24,-0.05278,16.162,PE,ltp,992680
2026-11-23,45.199,21600.0,22665.24,-0.04814,15.877,PE,ltp,108940
2026-11-23,45.199,21700.0,22665.24,-0.04352,15.636,PE,ltp,145535
2026-11-23,45.199,21800.0,22665.24,-0.03892,15.434,PE,ltp,202410
2026-11-23,45.199,21900.0,22665.24,-0.03435,15.347,PE,ltp,135655
2026-11-23,45.199,22000.0,22665.24,-0.02979,14.958,PE,ltp,2291835
2026-11-23,45.199,22100.0,22665.24,-0.02525,14.645,PE,ltp,264680
2026-11-23,45.199,22200.0,22665.24,-0.02074,14.458,PE,ltp,383110
2026-11-23,45.199,22300.0,22665.24,-0.01625,14.192,PE,ltp,198965
2026-11-23,45.199,22400.0,22665.24,-0.01177,14.105,PE,ltp,557635
2026-11-23,45.199,22500.0,22665.24,-0.00732,13.724,PE,ltp,1498055
2026-11-23,45.199,22600.0,22665.24,-0.00288,13.561,PE,ltp,97110
2026-11-23,45.199,22700.0,22665.24,0.00153,13.527,CE,ltp,200395
2026-11-23,45.199,22800.0,22665.24,0.00593,13.336,CE,ltp,470340
2026-11-23,45.199,22900.0,22665.24,0.0103,13.267,CE,ltp,110110
2026-11-23,45.199,23000.0,22665.24,0.01466,13.209,CE,ltp,1993225
2026-11-23,45.199,23100.0,22665.24,0.019,13.065,CE,ltp,482690
2026-11-23,45.199,23200.0,22665.24,0.02332,12.967,CE,ltp,354965
2026-11-23,45.199,23300.0,22665.24,0.02762,12.902,CE,ltp,210730
2026-11-23,45.199,23400.0,22665.24,0.0319,12.693,CE,ltp,237900
2026-11-23,45.199,23500.0,22665.24,0.03617,12.747,CE,ltp,1205685
2026-11-23,45.199,23600.0,22665.24,0.04041,12.757,CE,ltp,249795
2026-11-23,45.199,23700.0,22665.24,0.04464,12.734,CE,ltp,192725
2026-11-23,45.199,23800.0,22665.24,0.04885,12.773,CE,ltp,427375
2026-11-23,45.199,23900.0,22665.24,0.05305,12.733,CE,ltp,115830
2026-11-23,45.199,24000.0,22665.24,0.05722,12.915,CE,ltp,1816750
2026-11-23,45.199,24200.0,22665.24,0.06552,13.058,CE,ltp,186030
2026-11-23,45.199,24500.0,22665.24,0.07784,13.702,CE,ltp,948415
2026-11-23,45.199,25000.0,22665.24,0.09804,14.984,CE,ltp,1127685
2026-12-29,81.199,21000.0,22786.38,-0.08164,16.043,PE,ltp,2320540
2026-12-29,81.199,21500.0,22786.38,-0.05811,14.97,PE,ltp,529555
2026-12-29,81.199,21600.0,22786.38,-0.05347,14.832,PE,ltp,56810
2026-12-29,81.199,21700.0,22786.38,-0.04885,14.563,PE,ltp,62855
2026-12-29,81.199,21800.0,22786.38,-0.04425,14.437,PE,ltp,90415
2026-12-29,81.199,21900.0,22786.38,-0.03968,14.167,PE,ltp,54275
2026-12-29,81.199,22000.0,22786.38,-0.03512,14.008,PE,ltp,3550715
2026-12-29,81.199,22100.0,22786.38,-0.03059,13.935,PE,ltp,34775
2026-12-29,81.199,22200.0,22786.38,-0.02607,13.725,PE,ltp,58045
2026-12-29,81.199,22300.0,22786.38,-0.02158,13.487,PE,ltp,48425
2026-12-29,81.199,22400.0,22786.38,-0.0171,13.439,PE,ltp,41080
2026-12-29,81.199,22500.0,22786.38,-0.01265,13.189,PE,ltp,1815905
2026-12-29,81.199,22600.0,22786.38,-0.00821,13.184,PE,ltp,38675
2026-12-29,81.199,22700.0,22786.38,-0.0038,13.228,PE,ltp,44005
2026-12-29,81.199,22800.0,22786.38,0.0006,12.78,CE,ltp,50115
2026-12-29,81.199,22900.0,22786.38,0.00497,12.704,CE,ltp,23140
2026-12-29,81.199,23000.0,22786.38,0.00933,12.715,CE,ltp,1609800
2026-12-29,81.199,23100.0,22786.38,0.01367,12.56,CE,ltp,22620
2026-12-29,81.199,23200.0,22786.38,0.01799,12.423,CE,ltp,69745
2026-12-29,81.199,23300.0,22786.38,0.02229,12.364,CE,ltp,60255
2026-12-29,81.199,23400.0,22786.38,0.02657,12.268,CE,ltp,43940
2026-12-29,81.199,23500.0,22786.38,0.03084,12.274,CE,ltp,937040
2026-12-29,81.199,23600.0,22786.38,0.03508,12.108,CE,ltp,55185
2026-12-29,81.199,23700.0,22786.38,0.03931,12.138,CE,ltp,49725
2026-12-29,81.199,23800.0,22786.38,0.04352,12.16,CE,ltp,137865
2026-12-29,81.199,23900.0,22786.38,0.04772,12.146,CE,ltp,62660
2026-12-29,81.199,24000.0,22786.38,0.05189,12.218,CE,ltp,3477745
2026-12-29,81.199,24500.0,22786.38,0.07251,12.365,CE,ltp,163150
2026-12-29,81.199,25000.0,22786.38,0.09271,12.787,CE,ltp,4128330
