days \ moneyness K/F,0.9241,0.9262,0.9284,0.9306,0.9327,0.9349,0.9371,0.9393,0.9415,0.9437,0.9459,0.9481,0.9503,0.9525,0.9548,0.9570,0.9592,0.9615,0.9637,0.9660,0.9682,0.9705,0.9728,0.9750,0.9773,0.9796,0.9819,0.9842,0.9865,0.9888,0.9911,0.9934,0.9958,0.9981,1.0004,1.0028,1.0051,1.0074,1.0098,1.0122,1.0145,1.0169,1.0193,1.0217,1.0241,1.0264,1.0288,1.0313,1.0337,1.0361,1.0385,1.0409,1.0434,1.0458,1.0482,1.0507,1.0532,1.0556,1.0581,1.0606,1.0630
4.2,29.88,29.294,28.709,28.088,27.465,26.847,26.229,25.606,24.982,24.273,23.548,22.929,22.333,21.771,21.217,20.619,20.011,19.44,18.876,18.339,17.807,17.361,16.925,16.562,16.205,15.833,15.461,15.108,14.76,14.451,14.14,13.825,13.527,13.279,13.048,12.85,12.686,12.561,12.442,12.328,12.299,12.31,12.443,12.605,12.761,12.938,13.349,13.801,14.384,15.006,15.684,16.331,16.953,17.444,17.887,18.517,19.161,19.776,20.38,20.958,21.615
6.17,26.164,25.679,25.209,24.732,24.248,23.76,23.276,22.792,22.307,21.778,21.251,20.79,20.341,19.911,19.492,19.062,18.614,18.168,17.74,17.341,16.954,16.618,16.286,15.987,15.692,15.391,15.094,14.808,14.533,14.279,14.012,13.74,13.5,13.284,13.103,12.937,12.782,12.649,12.536,12.432,12.383,12.366,12.423,12.49,12.555,12.648,12.858,13.119,13.451,13.853,14.29,14.727,15.154,15.515,15.846,16.27,16.747,17.224,17.656,18.082,18.606
8.15,24.026,23.601,23.201,22.811,22.41,22.001,21.597,21.197,20.795,20.374,19.965,19.596,19.234,18.88,18.541,18.208,17.851,17.477,17.126,16.803,16.497,16.222,15.946,15.682,15.421,15.158,14.901,14.651,14.414,14.189,13.945,13.697,13.485,13.287,13.131,12.981,12.831,12.694,12.584,12.485,12.426,12.395,12.412,12.431,12.448,12.496,12.598,12.753,12.943,13.22,13.516,13.829,14.137,14.42,14.684,14.982,15.356,15.748,16.073,16.404,16.847
10.12,22.623,22.238,21.885,21.555,21.211,20.856,20.506,20.162,19.816,19.468,19.138,18.831,18.526,18.223,17.936,17.667,17.37,17.041,16.74,16.466,16.212,15.976,15.736,15.494,15.253,15.014,14.782,14.554,14.341,14.134,13.904,13.67,13.477,13.289,13.149,13.008,12.861,12.721,12.613,12.518,12.452,12.413,12.405,12.395,12.382,12.402,12.437,12.524,12.624,12.819,13.021,13.25,13.48,13.709,13.927,14.138,14.441,14.776,15.026,15.29,15.677
12.1,21.717,21.383,21.068,20.767,20.454,20.134,19.823,19.515,19.21,18.902,18.604,18.322,18.048,17.776,17.527,17.289,17.031,16.753,16.492,16.25,16.027,15.815,15.603,15.389,15.172,14.959,14.757,14.559,14.376,14.185,13.965,13.754,13.577,13.398,13.246,13.122,13.002,12.869,12.752,12.646,12.56,12.508,12.475,12.44,12.409,12.41,12.425,12.481,12.561,12.711,12.875,13.059,13.224,13.395,13.573,13.752,14.001,14.292,14.54,14.811,15.165
14.07,21.044,20.75,20.463,20.184,19.895,19.602,19.319,19.039,18.764,18.487,18.212,17.947,17.696,17.448,17.226,17.011,16.783,16.542,16.312,16.094,15.892,15.698,15.507,15.313,15.114,14.921,14.74,14.566,14.404,14.225,14.012,13.817,13.653,13.48,13.319,13.206,13.108,12.978,12.855,12.741,12.641,12.579,12.528,12.474,12.43,12.417,12.42,12.453,12.521,12.639,12.776,12.926,13.045,13.17,13.319,13.474,13.683,13.94,14.19,14.467,14.798
16.04,20.522,20.26,19.995,19.734,19.462,19.191,18.93,18.672,18.421,18.168,17.911,17.66,17.426,17.197,16.996,16.798,16.593,16.382,16.175,15.974,15.79,15.61,15.435,15.257,15.071,14.892,14.728,14.57,14.426,14.254,14.047,13.865,13.71,13.542,13.374,13.269,13.186,13.06,12.932,12.812,12.701,12.632,12.567,12.5,12.446,12.423,12.417,12.433,12.491,12.585,12.701,12.826,12.907,12.998,13.124,13.261,13.438,13.669,13.92,14.203,14.515
18.02,20.105,19.868,19.622,19.375,19.118,18.864,18.621,18.38,18.148,17.915,17.672,17.432,17.213,16.998,16.814,16.63,16.443,16.256,16.067,15.881,15.71,15.541,15.378,15.212,15.037,14.869,14.718,14.574,14.442,14.277,14.075,13.902,13.754,13.589,13.416,13.319,13.248,13.124,12.992,12.867,12.748,12.673,12.598,12.52,12.459,12.428,12.414,12.416,12.467,12.542,12.642,12.747,12.799,12.863,12.969,13.093,13.244,13.454,13.706,13.993,14.29
19.99,19.734,19.509,19.28,19.05,18.81,18.571,18.345,18.121,17.907,17.693,17.464,17.236,17.028,16.825,16.65,16.476,16.302,16.128,15.96,15.796,15.624,15.452,15.29,15.125,14.962,14.806,14.657,14.517,14.398,14.247,14.045,13.874,13.736,13.587,13.437,13.346,13.271,13.157,13.039,12.928,12.822,12.747,12.671,12.596,12.536,12.504,12.482,12.466,12.502,12.569,12.655,12.743,12.784,12.834,12.927,13.033,13.156,13.34,13.57,13.825,14.086
21.97,19.421,19.206,18.992,18.778,18.551,18.325,18.113,17.904,17.705,17.507,17.29,17.073,16.874,16.68,16.513,16.347,16.184,16.021,15.871,15.725,15.552,15.375,15.213,15.049,14.896,14.749,14.602,14.464,14.357,14.217,14.015,13.845,13.716,13.582,13.453,13.366,13.287,13.182,13.077,12.979,12.886,12.811,12.735,12.664,12.606,12.573,12.544,12.512,12.535,12.596,12.67,12.745,12.778,12.818,12.9,12.99,13.091,13.251,13.462,13.687,13.914
23.94,19.156,18.949,18.747,18.547,18.332,18.117,17.917,17.721,17.535,17.35,17.144,16.935,16.745,16.558,16.398,16.239,16.084,15.931,15.795,15.666,15.491,15.311,15.149,14.985,14.841,14.701,14.556,14.42,14.323,14.192,13.991,13.822,13.699,13.577,13.466,13.384,13.301,13.203,13.109,13.022,12.939,12.864,12.788,12.72,12.663,12.63,12.596,12.55,12.563,12.619,12.683,12.747,12.773,12.805,12.877,12.955,13.036,13.177,13.37,13.57,13.769
25.92,18.928,18.728,18.538,18.349,18.144,17.939,17.75,17.564,17.389,17.216,17.019,16.818,16.634,16.455,16.299,16.146,15.999,15.854,15.731,15.616,15.44,15.256,15.094,14.931,14.794,14.661,14.516,14.382,14.293,14.171,13.97,13.802,13.685,13.574,13.478,13.398,13.312,13.221,13.136,13.058,12.983,12.909,12.833,12.767,12.712,12.678,12.639,12.582,12.587,12.638,12.694,12.748,12.768,12.794,12.858,12.925,12.989,13.114,13.293,13.47,13.644
27.89,18.731,18.537,18.356,18.177,17.981,17.784,17.604,17.428,17.263,17.1,16.911,16.716,16.539,16.365,16.214,16.066,15.926,15.787,15.676,15.572,15.395,15.209,15.047,14.884,14.754,14.626,14.483,14.35,14.268,14.153,13.952,13.785,13.673,13.57,13.487,13.411,13.322,13.236,13.16,13.089,13.022,12.948,12.871,12.808,12.753,12.719,12.676,12.61,12.607,12.655,12.703,12.75,12.765,12.784,12.841,12.899,12.949,13.059,13.225,13.384,13.537
29.87,18.557,18.369,18.196,18.026,17.839,17.649,17.477,17.309,17.153,16.999,16.816,16.628,16.455,16.287,16.14,15.997,15.862,15.729,15.628,15.534,15.357,15.168,15.006,14.843,14.719,14.596,14.453,14.322,14.246,14.137,13.937,13.77,13.662,13.567,13.496,13.422,13.331,13.249,13.18,13.116,13.055,12.981,12.905,12.843,12.789,12.755,12.709,12.634,12.624,12.669,12.712,12.751,12.762,12.776,12.827,12.876,12.914,13.011,13.167,13.309,13.443
31.84,18.404,18.221,18.056,17.894,17.713,17.53,17.365,17.204,17.056,16.91,16.733,16.55,16.382,16.218,16.075,15.935,15.806,15.679,15.586,15.501,15.323,15.132,14.97,14.807,14.688,14.569,14.427,14.297,14.227,14.123,13.923,13.756,13.653,13.565,13.503,13.431,13.339,13.261,13.197,13.139,13.084,13.01,12.934,12.873,12.82,12.786,12.737,12.655,12.64,12.682,12.719,12.752,12.759,12.769,12.814,12.856,12.883,12.969,13.115,13.243,13.36
33.81,18.268,18.089,17.93,17.776,17.602,17.424,17.266,17.111,16.969,16.83,16.659,16.481,16.317,16.157,16.017,15.881,15.756,15.634,15.549,15.472,15.293,15.101,14.938,14.776,14.661,14.546,14.405,14.275,14.21,14.111,13.911,13.745,13.645,13.563,13.51,13.44,13.345,13.271,13.213,13.16,13.109,13.036,12.959,12.9,12.848,12.814,12.762,12.673,12.653,12.693,12.725,12.753,12.756,12.762,12.803,12.839,12.856,12.932,13.069,13.184,13.286
35.79,18.146,17.97,17.818,17.67,17.501,17.33,17.177,17.028,16.892,16.76,16.594,16.419,16.259,16.102,15.966,15.833,15.712,15.593,15.515,15.446,15.266,15.072,14.909,14.748,14.636,14.525,14.384,14.256,14.195,14.1,13.9,13.734,13.638,13.561,13.515,13.447,13.351,13.28,13.227,13.178,13.132,13.059,12.982,12.924,12.873,12.838,12.784,12.69,12.665,12.702,12.731,12.754,12.754,12.756,12.793,12.823,12.832,12.899,13.028,13.131,13.22
37.76,18.036,17.864,17.717,17.575,17.411,17.244,17.096,16.953,16.823,16.696,16.534,16.363,16.207,16.053,15.919,15.789,15.672,15.557,15.486,15.422,15.242,15.047,14.884,14.722,14.615,14.506,14.366,14.238,14.181,14.091,13.891,13.725,13.631,13.559,13.521,13.454,13.356,13.288,13.239,13.195,13.152,13.079,13.002,12.946,12.895,12.86,12.803,12.704,12.676,12.711,12.736,12.754,12.752,12.751,12.784,12.809,12.81,12.869,12.992,13.084,13.161
39.74,17.936,17.767,17.626,17.488,17.33,17.167,17.024,16.885,16.76,16.639,16.481,16.313,16.159,16.009,15.878,15.75,15.636,15.525,15.459,15.401,15.22,15.024,14.861,14.699,14.595,14.489,14.35,14.222,14.169,14.082,13.882,13.717,13.625,13.557,13.525,13.46,13.361,13.295,13.25,13.209,13.171,13.097,13.021,12.965,12.914,12.88,12.821,12.717,12.686,12.719,12.74,12.755,12.75,12.746,12.776,12.796,12.791,12.842,12.959,13.041,13.107
41.71,17.845,17.68,17.542,17.41,17.256,17.097,16.958,16.824,16.703,16.586,16.432,16.268,16.117,15.969,15.84,15.714,15.603,15.495,15.434,15.382,15.201,15.003,14.84,14.679,14.577,14.474,14.335,14.208,14.158,14.074,13.874,13.709,13.62,13.556,13.529,13.466,13.366,13.302,13.26,13.223,13.187,13.114,13.037,12.983,12.932,12.897,12.837,12.729,12.694,12.726,12.744,12.755,12.749,12.742,12.768,12.785,12.773,12.818,12.929,13.003,13.058
43.69,17.762,17.599,17.466,17.338,17.188,17.033,16.898,16.768,16.651,16.539,16.388,16.226,16.078,15.932,15.805,15.682,15.573,15.468,15.412,15.364,15.183,14.984,14.821,14.66,14.561,14.46,14.321,14.195,14.148,14.067,13.867,13.702,13.615,13.555,13.533,13.471,13.369,13.308,13.269,13.235,13.202,13.129,13.052,12.998,12.948,12.913,12.852,12.74,12.702,12.733,12.748,12.756,12.747,12.738,12.762,12.775,12.757,12.796,12.901,12.967,13.014
45.66,17.665,17.505,17.375,17.251,17.104,16.953,16.821,16.694,16.581,16.472,16.325,16.167,16.02,15.877,15.752,15.631,15.524,15.421,15.367,15.322,15.144,14.947,14.785,14.625,14.527,14.429,14.293,14.168,14.121,14.042,13.847,13.686,13.603,13.542,13.52,13.458,13.357,13.299,13.263,13.23,13.198,13.124,13.048,12.996,12.946,12.91,12.849,12.737,12.696,12.723,12.737,12.743,12.733,12.723,12.743,12.754,12.733,12.768,12.868,12.927,12.967
47.63,17.507,17.352,17.225,17.102,16.958,16.811,16.681,16.556,16.444,16.335,16.195,16.044,15.898,15.757,15.637,15.521,15.411,15.305,15.249,15.202,15.036,14.852,14.694,14.538,14.439,14.341,14.215,14.095,14.04,13.963,13.785,13.641,13.567,13.495,13.453,13.392,13.297,13.244,13.211,13.173,13.136,13.063,12.989,12.938,12.889,12.852,12.795,12.694,12.649,12.667,12.68,12.687,12.679,12.67,12.688,12.7,12.685,12.718,12.811,12.866,12.904
49.61,17.361,17.21,17.084,16.963,16.823,16.679,16.552,16.429,16.317,16.208,16.074,15.931,15.786,15.645,15.531,15.418,15.306,15.198,15.14,15.091,14.936,14.763,14.61,14.458,14.356,14.26,14.143,14.027,13.965,13.891,13.729,13.599,13.535,13.452,13.391,13.331,13.241,13.194,13.162,13.12,13.08,13.007,12.934,12.885,12.836,12.798,12.746,12.654,12.605,12.614,12.628,12.636,12.63,12.622,12.637,12.651,12.641,12.672,12.758,12.81,12.845
51.58,17.225,17.078,16.954,16.834,16.697,16.557,16.431,16.31,16.198,16.09,15.962,15.825,15.681,15.542,15.432,15.323,15.208,15.099,15.038,14.987,14.843,14.681,14.532,14.384,14.28,14.185,14.077,13.964,13.896,13.823,13.676,13.561,13.504,13.411,13.334,13.274,13.189,13.147,13.117,13.071,13.027,12.954,12.883,12.836,12.787,12.748,12.7,12.617,12.564,12.565,12.58,12.588,12.584,12.576,12.59,12.605,12.6,12.63,12.709,12.757,12.791
53.56,17.097,16.954,16.832,16.714,16.58,16.442,16.319,16.199,16.088,15.98,15.858,15.726,15.583,15.445,15.339,15.234,15.117,15.006,14.943,14.89,14.756,14.604,14.46,14.314,14.209,14.115,14.015,13.905,13.831,13.76,13.627,13.525,13.476,13.374,13.281,13.221,13.141,13.103,13.076,13.026,12.978,12.905,12.836,12.79,12.742,12.701,12.657,12.583,12.526,12.52,12.535,12.544,12.541,12.535,12.546,12.562,12.561,12.59,12.663,12.709,12.741
55.53,16.978,16.839,16.718,16.601,16.47,16.336,16.214,16.095,15.984,15.877,15.76,15.634,15.492,15.355,15.253,15.151,15.032,14.919,14.855,14.8,14.675,14.533,14.392,14.25,14.142,14.05,13.957,13.851,13.771,13.701,13.582,13.491,13.45,13.339,13.231,13.172,13.096,13.063,13.037,12.984,12.933,12.86,12.792,12.747,12.7,12.658,12.617,12.551,12.491,12.478,12.493,12.502,12.501,12.496,12.505,12.522,12.526,12.554,12.621,12.663,12.694
57.51,16.867,16.731,16.612,16.495,16.367,16.235,16.115,15.998,15.887,15.781,15.668,15.548,15.406,15.27,15.172,15.073,14.952,14.838,14.772,14.715,14.6,14.466,14.328,14.189,14.08,13.989,13.903,13.8,13.714,13.647,13.539,13.46,13.426,13.307,13.185,13.126,13.054,13.025,13.001,12.945,12.89,12.817,12.751,12.707,12.66,12.617,12.58,12.521,12.458,12.439,12.453,12.464,12.464,12.459,12.467,12.485,12.493,12.519,12.581,12.621,12.65
59.48,16.762,16.629,16.511,16.396,16.27,16.141,16.023,15.906,15.797,15.69,15.583,15.467,15.326,15.19,15.097,15.0,14.877,14.761,14.694,14.635,14.529,14.403,14.269,14.133,14.022,13.931,13.852,13.752,13.661,13.595,13.499,13.43,13.403,13.276,13.141,13.083,13.015,12.989,12.967,12.908,12.851,12.777,12.712,12.67,12.623,12.579,12.545,12.493,12.427,12.402,12.417,12.427,12.429,12.425,12.431,12.45,12.461,12.487,12.544,12.581,12.609
61.46,16.663,16.533,16.417,16.303,16.179,16.053,15.936,15.82,15.711,15.605,15.502,15.391,15.251,15.116,15.025,14.931,14.807,14.69,14.62,14.561,14.462,14.345,14.213,14.079,13.967,13.878,13.805,13.707,13.612,13.547,13.462,13.403,13.382,13.248,13.101,13.042,12.978,12.956,12.935,12.873,12.813,12.74,12.676,12.635,12.588,12.543,12.513,12.467,12.399,12.367,12.382,12.394,12.397,12.393,12.397,12.418,12.432,12.457,12.509,12.544,12.57
63.43,16.57,16.443,16.328,16.215,16.093,15.969,15.853,15.739,15.63,15.524,15.426,15.319,15.179,15.045,14.958,14.867,14.741,14.622,14.551,14.49,14.399,14.289,14.16,14.029,13.915,13.827,13.76,13.665,13.565,13.501,13.427,13.377,13.361,13.221,13.062,13.004,12.943,12.925,12.905,12.84,12.778,12.705,12.642,12.602,12.556,12.51,12.482,12.443,12.371,12.334,12.35,12.362,12.366,12.363,12.365,12.387,12.405,12.429,12.476,12.509,12.534
65.4,16.482,16.358,16.244,16.132,16.012,15.891,15.776,15.663,15.554,15.448,15.354,15.252,15.112,14.979,14.895,14.806,14.678,14.558,14.486,14.423,14.339,14.237,14.111,13.982,13.867,13.779,13.718,13.625,13.521,13.458,13.394,13.353,13.343,13.195,13.026,12.968,12.91,12.895,12.877,12.81,12.745,12.671,12.61,12.571,12.525,12.478,12.453,12.419,12.346,12.304,12.319,12.332,12.337,12.335,12.336,12.358,12.379,12.402,12.445,12.476,12.5
67.38,16.399,16.277,16.164,16.053,15.935,15.816,15.703,15.59,15.482,15.377,15.286,15.188,15.049,14.916,14.835,14.748,14.619,14.498,14.424,14.36,14.283,14.187,14.064,13.937,13.821,13.734,13.678,13.587,13.479,13.418,13.362,13.33,13.325,13.172,12.992,12.935,12.879,12.868,12.851,12.781,12.714,12.64,12.58,12.542,12.496,12.448,12.426,12.398,12.322,12.275,12.29,12.303,12.31,12.308,12.308,12.331,12.355,12.377,12.416,12.444,12.467
69.35,16.32,16.201,16.089,15.978,15.863,15.745,15.633,15.522,15.414,15.309,15.221,15.127,14.989,14.857,14.778,14.694,14.563,14.441,14.366,14.301,14.23,14.14,14.019,13.895,13.777,13.691,13.641,13.552,13.44,13.38,13.333,13.308,13.308,13.149,12.96,12.903,12.85,12.841,12.825,12.754,12.684,12.61,12.551,12.514,12.468,12.42,12.4,12.377,12.299,12.247,12.263,12.276,12.284,12.283,12.281,12.305,12.331,12.353,12.389,12.415,12.437
71.33,16.245,16.128,16.018,15.908,15.794,15.678,15.567,15.457,15.349,15.244,15.16,15.07,14.932,14.8,14.725,14.642,14.51,14.387,14.311,14.244,14.18,14.096,13.977,13.855,13.736,13.651,13.605,13.518,13.403,13.343,13.305,13.288,13.292,13.128,12.929,12.872,12.822,12.817,12.802,12.728,12.656,12.582,12.524,12.488,12.442,12.393,12.375,12.357,12.277,12.221,12.237,12.251,12.259,12.259,12.256,12.281,12.31,12.33,12.362,12.387,12.408
73.3,16.174,16.059,15.95,15.84,15.728,15.615,15.505,15.395,15.288,15.183,15.102,15.015,14.878,14.747,14.673,14.593,14.46,14.335,14.258,14.191,14.132,14.054,13.937,13.817,13.697,13.612,13.571,13.486,13.367,13.309,13.278,13.269,13.277,13.108,12.9,12.844,12.796,12.793,12.779,12.703,12.63,12.556,12.498,12.463,12.418,12.368,12.352,12.339,12.257,12.197,12.213,12.227,12.236,12.236,12.232,12.257,12.289,12.309,12.338,12.36,12.38
75.28,16.106,15.994,15.885,15.777,15.666,15.554,15.445,15.336,15.229,15.124,15.047,14.963,14.826,14.696,14.625,14.546,14.412,14.286,14.208,14.139,14.086,14.014,13.9,13.781,13.66,13.576,13.539,13.456,13.334,13.276,13.253,13.25,13.263,13.088,12.873,12.816,12.771,12.771,12.758,12.68,12.605,12.531,12.474,12.44,12.394,12.344,12.33,12.321,12.238,12.174,12.19,12.204,12.214,12.214,12.209,12.235,12.269,12.289,12.314,12.335,12.354
77.25,16.042,15.931,15.823,15.716,15.606,15.497,15.388,15.28,15.173,15.069,14.994,14.914,14.777,14.647,14.579,14.502,14.366,14.24,14.16,14.091,14.043,13.976,13.864,13.746,13.625,13.541,13.508,13.427,13.302,13.245,13.229,13.233,13.249,13.07,12.847,12.79,12.748,12.749,12.737,12.658,12.581,12.507,12.451,12.417,12.372,12.321,12.309,12.305,12.219,12.151,12.168,12.182,12.193,12.194,12.188,12.215,12.251,12.27,12.292,12.311,12.33
79.22,15.98,15.872,15.765,15.657,15.55,15.441,15.334,15.227,15.12,15.016,14.944,14.867,14.73,14.601,14.535,14.459,14.323,14.195,14.115,14.044,14.002,13.94,13.829,13.714,13.591,13.508,13.479,13.399,13.271,13.216,13.206,13.216,13.236,13.053,12.822,12.766,12.725,12.729,12.718,12.637,12.558,12.484,12.429,12.396,12.351,12.299,12.29,12.289,12.202,12.13,12.147,12.162,12.173,12.174,12.167,12.195,12.233,12.251,12.271,12.289,12.306
81.2,15.921,15.815,15.708,15.602,15.495,15.389,15.282,15.176,15.069,14.965,14.896,14.822,14.686,14.557,14.493,14.419,14.281,14.153,14.072,14.0,13.963,13.905,13.796,13.683,13.559,13.477,13.452,13.373,13.242,13.187,13.185,13.2,13.224,13.036,12.798,12.742,12.704,12.71,12.7,12.616,12.536,12.462,12.408,12.376,12.331,12.279,12.271,12.274,12.185,12.11,12.127,12.142,12.155,12.156,12.148,12.176,12.216,12.234,12.25,12.267,12.284
