# India VIX daily OHLC via Dhan historical API (IDX_I/21), same sessions as nifty_daily.
# Today 2026-10-09 ~15:20 IST: open 15.28 high 15.28 low 13.66 last 14.38
date,open,high,low,close
2026-07-13,12.25,13.52,9.48,13.28
2026-07-14,13.28,13.87,11.66,13.75
2026-07-15,13.75,13.87,13.04,13.27
2026-07-16,13.27,13.27,12.78,12.88
2026-07-17,12.88,13.35,12.81,13.15
2026-07-20,13.15,13.84,12.89,12.98
2026-07-21,12.98,13.08,12.1,12.6
2026-07-22,12.6,13.43,11.73,13.29
2026-07-23,13.29,13.74,12.92,13.48
2026-07-24,13.48,14.77,13.18,14.03
2026-07-27,14.03,14.33,12.6,12.66
2026-07-28,12.66,12.82,11.72,12.56
2026-07-29,12.56,12.56,11.56,12.01
2026-07-30,12.01,12.32,11.3,12.16
2026-07-31,12.16,12.21,11.65,11.76
2026-08-03,11.76,12.06,11.7,11.93
2026-08-04,11.93,12.55,11.43,12.19
2026-08-05,12.19,12.67,10.81,12.06
2026-08-06,12.06,12.43,10.1,12.16
2026-08-07,12.16,12.55,11.3,12.16
2026-08-10,12.16,12.92,10.82,12.25
2026-08-11,12.25,12.46,11.19,11.86
2026-08-12,11.86,12.09,11.26,11.69
2026-08-13,11.69,12.2,10.65,11.42
2026-08-14,11.42,11.56,10.83,11.31
2026-08-17,11.31,11.78,11.09,11.33
2026-08-18,11.33,11.79,10.14,11.39
2026-08-19,11.39,11.73,10.06,11.32
2026-08-20,11.32,11.32,9.33,10.76
2026-08-21,10.76,11.35,9.57,11.2
2026-08-24,11.2,11.76,10.32,11.53
2026-08-25,11.53,11.62,9.45,11.08
2026-08-26,11.08,11.08,10.13,10.57
2026-08-27,10.57,11.28,10.36,11.07
2026-08-28,11.07,11.14,10.53,10.68
2026-08-31,10.68,11.44,10.68,11.19
2026-09-01,11.19,12.12,9.25,11.49
2026-09-02,11.49,12.11,10.55,11.59
2026-09-03,11.59,11.59,10.75,11.34
2026-09-04,11.34,11.34,10.57,10.68
2026-09-07,10.68,11.35,10.28,11.16
2026-09-08,11.16,11.4,10.45,11.23
2026-09-09,11.23,12.05,10.55,11.92
2026-09-10,11.92,11.96,11.53,11.8
2026-09-11,11.8,12.57,11.02,12.29
2026-09-15,12.29,13.59,11.93,13.43
2026-09-16,13.43,13.58,12.87,13.17
2026-09-17,13.17,13.17,12.14,12.29
2026-09-18,12.29,12.29,11.31,11.39
2026-09-21,11.39,11.83,11.18,11.25
2026-09-22,11.25,11.41,10.62,11.0
2026-09-23,11.0,11.04,10.22,10.35
2026-09-24,10.35,13.22,10.35,12.69
2026-09-25,12.69,12.84,11.77,12.16
2026-09-28,12.16,14.15,12.16,13.64
2026-09-29,13.64,14.77,13.21,13.41
2026-09-30,13.41,13.86,12.77,13.49
2026-10-01,13.49,15.69,13.49,14.46
2026-10-05,14.46,15.35,13.5,14.78
2026-10-06,14.78,14.78,13.52,13.61
2026-10-07,13.61,14.32,13.61,13.89
2026-10-08,13.89,15.48,11.97,15.28
