# NIFTY 50 option chain snapshot via Dhan API, 2026-10-09 ~10:44 IST, spot 22496.50
# expiry,strike,ce_ltp,ce_oi,pe_ltp,pe_oi
2026-10-13,20800,2952.00,0,1.55,2739945
2026-10-13,20900,2853.00,0,1.75,1412450
2026-10-13,21000,1530.60,10270,1.95,12498460
2026-10-13,21100,2655.45,0,2.20,2383810
2026-10-13,21200,2556.95,0,2.50,7053215
2026-10-13,21300,1175.90,2665,2.70,4904315
2026-10-13,21400,1040.00,2470,3.20,5305885
2026-10-13,21500,995.00,76050,3.95,11988925
2026-10-13,21600,914.85,8580,4.80,5159440
2026-10-13,21700,800.20,19565,6.10,6103240
2026-10-13,21800,713.30,74100,8.05,9261395
2026-10-13,21900,618.80,96785,11.40,6273020
2026-10-13,22000,524.75,891215,16.95,13637455
2026-10-13,22100,431.90,441545,25.10,7138950
2026-10-13,22200,346.65,1922700,37.45,12066015
2026-10-13,22300,264.90,4394325,56.25,17740775
2026-10-13,22400,193.45,6883565,83.10,17230395
2026-10-13,22500,130.80,14041495,121.65,14152515
2026-10-13,22600,82.85,13546780,173.60,4496635
2026-10-13,22700,48.75,12045800,238.20,3292900
2026-10-13,22800,26.15,10508030,317.30,1193270
2026-10-13,22900,13.55,7733830,405.70,594750
2026-10-13,23000,7.25,15033005,498.60,928135
2026-10-13,23100,3.75,6851390,598.95,311155
2026-10-13,23200,2.40,8401380,697.65,246350
2026-10-13,23300,1.85,6739005,791.95,214370
2026-10-13,23400,1.60,5283460,888.00,218660
2026-10-13,23500,1.35,10167430,997.95,298935
2026-10-13,23600,1.00,3447535,1090.00,64805
2026-10-13,23700,0.90,3104985,1190.00,36140
2026-10-13,23800,0.80,3743220,1300.00,31980
2026-10-13,23900,0.70,2147405,1375.20,94185
2026-10-13,24000,0.70,10037235,1501.00,311545
2026-10-19,20800,2436.25,0,5.20,179725
2026-10-19,20900,2338.15,0,5.85,327665
2026-10-19,21000,1378.40,2600,6.85,875095
2026-10-19,21100,2143.10,0,7.95,197925
2026-10-19,21200,2046.40,0,9.35,370955
2026-10-19,21300,1950.35,0,11.05,358215
2026-10-19,21400,1444.10,65,13.45,466765
2026-10-19,21500,1052.85,7280,16.50,983450
2026-10-19,21600,905.00,910,20.70,372255
2026-10-19,21700,840.10,1300,25.35,506155
2026-10-19,21800,753.40,15470,32.00,967135
2026-10-19,21900,680.30,23465,41.10,566995
2026-10-19,22000,582.00,171470,52.65,1567020
2026-10-19,22100,503.95,35360,67.45,400335
2026-10-19,22200,426.05,259935,86.50,878150
2026-10-19,22300,350.00,390910,111.00,769665
2026-10-19,22400,283.15,451815,140.70,716495
2026-10-19,22500,221.70,1009775,178.55,1036425
2026-10-19,22600,168.55,1071070,225.00,686270
2026-10-19,22700,123.65,1277120,280.00,336505
2026-10-19,22800,88.00,992160,345.00,203710
2026-10-19,22900,61.00,983255,433.00,62660
2026-10-19,23000,41.70,1816750,500.00,115765
2026-10-19,23100,27.55,547105,581.65,36985
2026-10-19,23200,18.10,1013675,692.00,24505
2026-10-19,23300,12.10,1190930,769.95,12155
2026-10-19,23400,8.60,426855,846.50,11960
2026-10-19,23500,6.30,1243775,960.00,40820
2026-10-19,23600,4.65,287300,1085.75,3315
2026-10-19,23700,3.40,641875,1160.00,2470
2026-10-19,23800,2.80,408785,1360.00,520
2026-10-19,23900,2.15,611065,777.40,65
2026-10-19,24000,1.90,1056055,1450.00,15145
2026-10-27,20800,1550.00,65,13.95,386620
2026-10-27,20900,1676.80,260,16.05,113165
2026-10-27,21000,1575.00,320970,18.40,1747720
2026-10-27,21100,1340.00,65,21.05,111215
2026-10-27,21200,1505.00,130,24.35,472485
2026-10-27,21300,1262.95,975,28.40,577850
2026-10-27,21400,1158.00,3120,33.05,543140
2026-10-27,21500,1096.60,672750,39.00,3610685
2026-10-27,21600,1015.05,2145,46.80,479245
2026-10-27,21700,810.00,5785,56.10,602095
2026-10-27,21800,833.55,40365,67.20,961610
2026-10-27,21900,748.35,64155,80.95,693875
2026-10-27,22000,668.75,1245075,97.60,4714385
2026-10-27,22100,582.45,107120,117.00,857220
2026-10-27,22200,515.00,1023685,140.75,2285985
2026-10-27,22300,443.95,1420835,169.35,3750045
2026-10-27,22400,378.00,1725165,200.00,2007395
2026-10-27,22500,314.10,3692455,237.75,4459650
2026-10-27,22600,257.00,2030860,279.75,1474135
2026-10-27,22700,209.40,3114540,330.20,2019095
2026-10-27,22800,165.50,3303040,391.00,1477255
2026-10-27,22900,128.00,1311570,455.00,641940
2026-10-27,23000,98.00,6099080,517.50,3887910
2026-10-27,23100,73.25,1624350,597.10,1501435
2026-10-27,23200,54.50,2814110,676.45,1874275
2026-10-27,23300,40.40,2955225,753.65,2321800
2026-10-27,23400,30.65,2027220,834.10,1230255
2026-10-27,23500,23.50,8968180,948.55,5340725
2026-10-27,23600,17.35,1221610,1041.50,696150
2026-10-27,23700,13.20,1013935,1138.10,397345
2026-10-27,23800,10.35,1675180,1225.00,485290
2026-10-27,23900,8.80,521495,1345.70,214630
2026-10-27,24000,7.80,5972525,1428.65,2745990
2026-11-23,20800,3854.30,0,56.10,156520
2026-11-23,20900,3757.70,0,63.00,15145
2026-11-23,21000,1714.00,32565,69.30,941525
2026-11-23,21100,3565.50,0,77.45,45955
2026-11-23,21200,1301.00,130,85.65,79690
2026-11-23,21300,1450.00,0,95.70,75985
2026-11-23,21400,3280.10,0,107.60,93340
2026-11-23,21500,1265.00,30420,118.90,992680
2026-11-23,21600,3092.25,0,132.20,108940
2026-11-23,21700,2999.20,0,148.00,145535
2026-11-23,21800,999.00,4615,166.50,202410
2026-11-23,21900,935.05,3120,190.00,135655
2026-11-23,22000,867.05,231920,208.00,2291835
2026-11-23,22100,779.70,10270,230.10,264680
2026-11-23,22200,723.00,50115,258.20,383110
2026-11-23,22300,646.70,41405,286.80,198965
2026-11-23,22400,581.05,67145,323.80,557635
2026-11-23,22500,525.10,576940,355.00,1498055
2026-11-23,22600,468.70,640445,396.30,97110
2026-11-23,22700,410.75,200395,448.00,184860
2026-11-23,22800,359.10,470340,490.90,318110
2026-11-23,22900,315.05,110110,547.25,55055
2026-11-23,23000,275.00,1993225,599.00,987545
2026-11-23,23100,236.00,482690,670.45,154180
2026-11-23,23200,202.00,354965,739.60,152360
2026-11-23,23300,172.40,210730,811.00,49985
2026-11-23,23400,142.45,237900,870.30,97370
2026-11-23,23500,122.20,1205685,953.30,486525
2026-11-23,23600,103.50,249795,1084.60,32890
2026-11-23,23700,86.55,192725,1102.25,29510
2026-11-23,23800,73.00,427375,1210.00,57460
2026-11-23,23900,60.05,115830,1321.00,12545
2026-11-23,24000,52.25,1816750,1374.40,298415
2026-11-23,24200,37.00,186030,1570.00,10010
2026-11-23,24500,25.35,948415,1823.70,208130
2026-11-23,25000,15.30,1127685,2318.00,384995
2026-12-29,19000,3711.30,275015,35.10,1199635
2026-12-29,20000,2774.00,910285,60.80,1849015
2026-12-29,20500,2568.65,0,80.00,160810
2026-12-29,21000,1867.15,874855,116.90,2320540
2026-12-29,21500,1439.95,33735,178.10,529555
2026-12-29,21600,1191.65,3380,196.10,56810
2026-12-29,21700,1341.00,3315,211.45,62855
2026-12-29,21800,1180.00,4485,232.90,90415
2026-12-29,21900,998.35,2795,251.15,54275
2026-12-29,22000,1053.00,787770,275.00,3550715
2026-12-29,22100,966.80,4355,304.00,34775
2026-12-29,22200,904.00,12675,330.00,58045
2026-12-29,22300,840.00,34515,357.00,48425
2026-12-29,22400,773.00,23010,393.85,41080
2026-12-29,22500,717.00,524225,425.00,1815905
2026-12-29,22600,659.55,32175,468.80,38675
2026-12-29,22700,591.85,31330,517.50,44005
2026-12-29,22800,534.65,50115,550.95,95745
2026-12-29,22900,485.05,23140,589.95,37765
2026-12-29,23000,442.00,1609800,636.95,2543820
2026-12-29,23100,394.85,22620,696.00,11050
2026-12-29,23200,351.40,69745,754.00,7150
2026-12-29,23300,314.00,60255,814.05,3705
2026-12-29,23400,278.00,43940,1084.80,4355
2026-12-29,23500,248.60,937040,936.00,121940
2026-12-29,23600,215.50,55185,1005.70,2990
2026-12-29,23700,192.00,49725,1111.00,3055
2026-12-29,23800,170.40,137865,1146.80,2925
2026-12-29,23900,149.70,62660,1240.65,2470
2026-12-29,24000,133.55,3477745,1303.70,2069960
2026-12-29,24500,69.80,163150,1732.00,6630
2026-12-29,25000,38.25,4128330,2189.00,1583145
