# NIFTY 50 option chain at the close via Dhan API, 2026-10-09 15:30 IST, spot 22520.45
# expiry,strike,ce_ltp,ce_oi,pe_ltp,pe_oi
2026-10-13,20800,2952.00,0,1.30,1525225
2026-10-13,20900,2853.00,0,1.75,959075
2026-10-13,21000,1564.25,10010,1.80,12501710
2026-10-13,21100,2655.45,0,1.85,1391975
2026-10-13,21200,1368.45,0,2.00,6494930
2026-10-13,21300,1177.50,2730,2.20,4873635
2026-10-13,21400,1163.95,2535,2.50,4733950
2026-10-13,21500,1065.55,71890,2.95,12952160
2026-10-13,21600,967.10,8775,3.50,3787615
2026-10-13,21700,862.50,19955,4.00,5541575
2026-10-13,21800,765.25,68640,5.00,8431995
2026-10-13,21900,669.00,82615,6.70,4809285
2026-10-13,22000,572.00,500305,9.05,12839385
2026-10-13,22100,477.00,349505,12.90,6110130
2026-10-13,22200,380.10,1135875,19.15,8738795
2026-10-13,22300,293.15,1928810,29.75,11560185
2026-10-13,22400,208.90,2939820,46.80,10872160
2026-10-13,22500,137.05,9898460,74.70,13191165
2026-10-13,22600,82.95,7754955,119.70,4138745
2026-10-13,22700,44.65,9573395,180.00,3143205
2026-10-13,22800,22.30,8408595,257.30,1024920
2026-10-13,22900,10.60,9632415,345.35,546585
2026-10-13,23000,6.20,14537185,442.20,865280
2026-10-13,23100,3.55,6812260,538.65,288535
2026-10-13,23200,2.35,7732855,636.00,245245
2026-10-13,23300,1.65,5545670,735.25,250510
2026-10-13,23400,1.25,4601740,840.70,217555
2026-10-13,23500,1.05,9689290,934.00,312000
2026-10-13,23600,0.85,2725840,1039.90,61880
2026-10-13,23700,0.65,2344550,1135.00,30875
2026-10-13,23800,0.65,3022565,1235.70,30290
2026-10-13,23900,0.55,1850550,1327.00,93210
2026-10-13,24000,0.50,7910825,1438.25,301730
2026-10-19,20800,2436.25,0,5.30,185120
2026-10-19,20900,2338.15,0,5.30,387985
2026-10-19,21000,1378.40,2600,6.45,2058615
2026-10-19,21100,2143.10,0,7.05,258570
2026-10-19,21200,2046.40,0,7.90,486590
2026-10-19,21300,1950.35,0,8.95,416325
2026-10-19,21400,1444.10,65,10.60,578760
2026-10-19,21500,1109.85,7085,12.75,1857635
2026-10-19,21600,1025.00,1170,15.00,529620
2026-10-19,21700,905.50,1105,18.25,1256645
2026-10-19,21800,808.90,16510,23.20,1082380
2026-10-19,21900,716.05,22945,29.00,600470
2026-10-19,22000,627.80,151580,39.00,1845350
2026-10-19,22100,542.15,22490,49.90,525395
2026-10-19,22200,454.75,184275,65.90,1041105
2026-10-19,22300,380.30,356200,85.15,1130350
2026-10-19,22400,306.35,393315,109.95,730535
2026-10-19,22500,236.15,1258400,144.00,1480375
2026-10-19,22600,180.70,1273675,185.40,776620
2026-10-19,22700,130.40,1409395,239.80,486980
2026-10-19,22800,92.75,1077440,293.25,228930
2026-10-19,22900,62.75,1101880,365.00,69030
2026-10-19,23000,41.10,2219035,447.90,214760
2026-10-19,23100,26.70,1078090,532.00,35230
2026-10-19,23200,16.75,1887340,618.85,24570
2026-10-19,23300,12.20,1086150,716.15,17225
2026-10-19,23400,8.60,742300,817.35,11960
2026-10-19,23500,6.30,1316575,909.50,45630
2026-10-19,23600,4.00,305175,996.00,7150
2026-10-19,23700,2.85,863850,1110.00,5590
2026-10-19,23800,2.35,1218035,1199.80,585
2026-10-19,23900,1.70,933855,1301.50,650
2026-10-19,24000,1.60,1239615,1402.45,27300
2026-10-27,20800,1550.00,65,12.10,331045
2026-10-27,20900,1676.80,260,13.55,97435
2026-10-27,21000,1628.20,327340,16.00,1840735
2026-10-27,21100,1340.00,65,17.35,114790
2026-10-27,21200,1505.00,130,19.85,493155
2026-10-27,21300,1262.95,975,23.10,470535
2026-10-27,21400,1281.60,2860,27.30,565825
2026-10-27,21500,1153.85,664690,32.00,3383185
2026-10-27,21600,1083.95,2275,37.75,555295
2026-10-27,21700,954.85,5070,45.15,634855
2026-10-27,21800,874.00,39650,53.60,1285895
2026-10-27,21900,790.00,62075,65.55,737620
2026-10-27,22000,705.00,1240655,80.45,4756050
2026-10-27,22100,617.65,99255,97.50,962390
2026-10-27,22200,543.55,891475,119.10,2268045
2026-10-27,22300,469.00,1311505,142.85,3780790
2026-10-27,22400,400.50,1609595,173.05,1931800
2026-10-27,22500,332.00,3717870,205.15,4505410
2026-10-27,22600,270.90,2134730,242.00,1744795
2026-10-27,22700,219.50,3054025,291.10,1816230
2026-10-27,22800,174.00,3266575,345.45,1446445
2026-10-27,22900,134.90,1401530,401.45,632905
2026-10-27,23000,102.95,6207630,470.85,3754855
2026-10-27,23100,76.60,1569295,549.95,1497795
2026-10-27,23200,56.00,2843295,627.05,1866085
2026-10-27,23300,41.50,2999230,705.55,2300545
2026-10-27,23400,30.70,2055300,795.30,1212705
2026-10-27,23500,23.45,9034480,886.25,5222490
2026-10-27,23600,16.90,1279980,987.65,685945
2026-10-27,23700,13.45,991770,1080.15,396760
2026-10-27,23800,10.10,1636635,1178.00,482495
2026-10-27,23900,8.55,548470,1277.90,213915
2026-10-27,24000,7.50,6000605,1365.50,2740530
2026-11-23,20800,3854.30,0,54.65,164125
2026-11-23,20900,3757.70,0,61.70,20540
2026-11-23,21000,1768.00,34255,67.05,948935
2026-11-23,21100,3565.50,0,71.35,45955
2026-11-23,21200,1581.00,130,80.15,261170
2026-11-23,21300,1485.00,130,88.00,93015
2026-11-23,21400,3280.10,0,98.50,108745
2026-11-23,21500,1306.95,34125,110.95,1125020
2026-11-23,21600,3092.25,0,123.70,117910
2026-11-23,21700,2999.20,0,136.50,154375
2026-11-23,21800,1057.00,4420,151.40,228605
2026-11-23,21900,1000.00,3120,172.80,141440
2026-11-23,22000,905.95,272870,191.85,2602210
2026-11-23,22100,825.00,10010,213.25,189865
2026-11-23,22200,750.30,46995,238.15,399815
2026-11-23,22300,683.05,41730,266.80,225745
2026-11-23,22400,612.00,65455,299.85,613795
2026-11-23,22500,547.65,607945,328.75,1227135
2026-11-23,22600,489.70,664300,366.65,134485
2026-11-23,22700,430.20,230035,411.40,186680
2026-11-23,22800,382.25,492115,456.60,313040
2026-11-23,22900,332.05,116805,507.20,57980
2026-11-23,23000,293.00,2114125,565.80,1015820
2026-11-23,23100,253.30,469625,619.00,154440
2026-11-23,23200,216.00,354900,690.15,156195
2026-11-23,23300,183.50,222820,750.90,55120
2026-11-23,23400,155.60,258505,825.05,91455
2026-11-23,23500,131.65,1251185,893.20,482560
2026-11-23,23600,109.95,255580,975.40,32435
2026-11-23,23700,92.70,197600,1050.00,28665
2026-11-23,23800,78.00,422760,1124.30,56745
2026-11-23,23900,65.70,92430,1240.00,10010
2026-11-23,24000,56.95,1877850,1311.55,297830
2026-11-23,24200,40.60,189540,1476.80,10075
2026-11-23,24500,26.50,898950,1770.25,209300
2026-11-23,25000,16.00,1152905,2242.05,416455
2026-12-29,19000,3766.30,274365,31.05,1193265
2026-12-29,20000,2851.75,922830,56.05,1865615
2026-12-29,20500,2568.65,0,73.90,190125
2026-12-29,21000,1909.30,880185,110.50,2321710
2026-12-29,21500,1494.70,38480,169.50,509535
2026-12-29,21600,1191.65,3380,185.00,53560
2026-12-29,21700,1341.00,3315,200.30,68445
2026-12-29,21800,1256.25,4420,219.00,93210
2026-12-29,21900,1177.05,2795,240.00,54730
2026-12-29,22000,1095.00,788615,263.40,3498065
2026-12-29,22100,990.05,4290,284.50,38025
2026-12-29,22200,950.00,12090,310.30,60710
2026-12-29,22300,876.00,33800,338.50,67925
2026-12-29,22400,809.20,21645,372.00,42705
2026-12-29,22500,753.95,517465,404.00,1820130
2026-12-29,22600,686.60,34775,442.90,38350
2026-12-29,22700,630.45,32825,478.10,57005
2026-12-29,22800,573.00,53885,521.15,96200
2026-12-29,22900,519.00,25350,560.00,37700
2026-12-29,23000,475.40,1556820,616.00,2505700
2026-12-29,23100,425.00,20345,658.00,10465
2026-12-29,23200,382.20,64805,713.15,7020
2026-12-29,23300,342.45,60320,763.80,3835
2026-12-29,23400,306.70,51675,1084.80,4355
2026-12-29,23500,273.85,1021020,890.55,122070
2026-12-29,23600,241.00,58500,997.95,3185
2026-12-29,23700,211.25,57070,1024.20,3120
2026-12-29,23800,189.00,128635,1125.00,3250
2026-12-29,23900,165.85,61100,1232.35,2470
2026-12-29,24000,148.50,3455630,1254.65,2047175
2026-12-29,24500,75.10,244595,1679.95,6890
2026-12-29,25000,43.45,4122610,2125.10,1578985
