month,year,mon,close,ret
2006-01,2006,Jan,3001.1,0.057917
2006-02,2006,Feb,3074.7,0.024524
2006-03,2006,Mar,3402.55,0.106628
2006-04,2006,Apr,3557.6,0.045569
2006-05,2006,May,3071.05,-0.136764
2006-06,2006,Jun,3128.2,0.018609
2006-07,2006,Jul,3143.2,0.004795
2006-08,2006,Aug,3413.9,0.086122
2006-09,2006,Sep,3588.4,0.051115
2006-10,2006,Oct,3744.1,0.04339
2006-11,2006,Nov,3954.5,0.056195
2006-12,2006,Dec,3966.4,0.003009
2007-01,2007,Jan,4082.7,0.029321
2007-02,2007,Feb,3745.3,-0.082641
2007-03,2007,Mar,3821.55,0.020359
2007-04,2007,Apr,4087.9,0.069697
2007-05,2007,May,4295.8,0.050857
2007-06,2007,Jun,4318.3,0.005238
2007-07,2007,Jul,4528.85,0.048758
2007-08,2007,Aug,4464.0,-0.014319
2007-09,2007,Sep,5021.35,0.124854
2007-10,2007,Oct,5900.65,0.175112
2007-11,2007,Nov,5762.75,-0.02337
2007-12,2007,Dec,6138.6,0.065221
2008-01,2008,Jan,5137.45,-0.163091
2008-02,2008,Feb,5223.5,0.01675
2008-03,2008,Mar,4734.5,-0.093615
2008-04,2008,Apr,5165.9,0.091118
2008-05,2008,May,4870.1,-0.05726
2008-06,2008,Jun,4040.55,-0.170335
2008-07,2008,Jul,4332.95,0.072366
2008-08,2008,Aug,4360.0,0.006243
2008-09,2008,Sep,3921.2,-0.100642
2008-10,2008,Oct,2885.6,-0.264103
2008-11,2008,Nov,2755.1,-0.045225
2008-12,2008,Dec,2959.15,0.074063
2009-01,2009,Jan,2874.8,-0.028505
2009-02,2009,Feb,2763.65,-0.038664
2009-03,2009,Mar,3020.95,0.093102
2009-04,2009,Apr,3473.95,0.149953
2009-05,2009,May,4448.95,0.28066
2009-06,2009,Jun,4291.1,-0.03548
2009-07,2009,Jul,4636.45,0.080481
2009-08,2009,Aug,4662.1,0.005532
2009-09,2009,Sep,5083.95,0.090485
2009-10,2009,Oct,4711.7,-0.073221
2009-11,2009,Nov,5032.7,0.068128
2009-12,2009,Dec,5201.05,0.033451
2010-01,2010,Jan,4882.05,-0.061334
2010-02,2010,Feb,4922.3,0.008244
2010-03,2010,Mar,5249.1,0.066392
2010-04,2010,Apr,5278.0,0.005506
2010-05,2010,May,5086.3,-0.036321
2010-06,2010,Jun,5312.5,0.044472
2010-07,2010,Jul,5367.6,0.010372
2010-08,2010,Aug,5402.4,0.006483
2010-09,2010,Sep,6029.95,0.116161
2010-10,2010,Oct,6017.7,-0.002032
2010-11,2010,Nov,5862.7,-0.025757
2010-12,2010,Dec,6134.5,0.046361
2011-01,2011,Jan,5505.9,-0.10247
2011-02,2011,Feb,5333.25,-0.031357
2011-03,2011,Mar,5833.75,0.093845
2011-04,2011,Apr,5749.5,-0.014442
2011-05,2011,May,5560.15,-0.032933
2011-06,2011,Jun,5647.4,0.015692
2011-07,2011,Jul,5482.0,-0.029288
2011-08,2011,Aug,5001.0,-0.087742
2011-09,2011,Sep,4943.25,-0.011548
2011-10,2011,Oct,5326.6,0.07755
2011-11,2011,Nov,4832.05,-0.092845
2011-12,2011,Dec,4624.3,-0.042994
2012-01,2012,Jan,5199.25,0.124332
2012-02,2012,Feb,5385.2,0.035765
2012-03,2012,Mar,5295.55,-0.016647
2012-04,2012,Apr,5248.15,-0.008951
2012-05,2012,May,4924.25,-0.061717
2012-06,2012,Jun,5278.9,0.072021
2012-07,2012,Jul,5229.0,-0.009453
2012-08,2012,Aug,5258.5,0.005642
2012-09,2012,Sep,5703.3,0.084587
2012-10,2012,Oct,5619.7,-0.014658
2012-11,2012,Nov,5879.85,0.046293
2012-12,2012,Dec,5905.1,0.004294
2013-01,2013,Jan,6034.75,0.021956
2013-02,2013,Feb,5693.05,-0.056622
2013-03,2013,Mar,5682.55,-0.001844
2013-04,2013,Apr,5930.2,0.043581
2013-05,2013,May,5985.95,0.009401
2013-06,2013,Jun,5842.2,-0.024015
2013-07,2013,Jul,5742.0,-0.017151
2013-08,2013,Aug,5471.8,-0.047057
2013-09,2013,Sep,5735.3,0.048156
2013-10,2013,Oct,6299.15,0.098312
2013-11,2013,Nov,6176.1,-0.019534
2013-12,2013,Dec,6304.0,0.020709
2014-01,2014,Jan,6089.5,-0.034026
2014-02,2014,Feb,6276.95,0.030782
2014-03,2014,Mar,6704.2,0.068066
2014-04,2014,Apr,6696.4,-0.001163
2014-05,2014,May,7229.95,0.079677
2014-06,2014,Jun,7611.35,0.052753
2014-07,2014,Jul,7721.3,0.014446
2014-08,2014,Aug,7954.35,0.030183
2014-09,2014,Sep,7964.8,0.001314
2014-10,2014,Oct,8322.2,0.044872
2014-11,2014,Nov,8588.25,0.031969
2014-12,2014,Dec,8282.7,-0.035578
2015-01,2015,Jan,8808.9,0.06353
2015-02,2015,Feb,8901.85,0.010552
2015-03,2015,Mar,8491.0,-0.046153
2015-04,2015,Apr,8181.5,-0.03645
2015-05,2015,May,8433.65,0.03082
2015-06,2015,Jun,8368.5,-0.007725
2015-07,2015,Jul,8532.85,0.019639
2015-08,2015,Aug,7971.3,-0.06581
2015-09,2015,Sep,7948.9,-0.00281
2015-10,2015,Oct,8065.8,0.014706
2015-11,2015,Nov,7935.25,-0.016186
2015-12,2015,Dec,7946.35,0.001399
2016-01,2016,Jan,7563.55,-0.048173
2016-02,2016,Feb,6987.05,-0.076221
2016-03,2016,Mar,7738.4,0.107535
2016-04,2016,Apr,7849.8,0.014396
2016-05,2016,May,8160.1,0.03953
2016-06,2016,Jun,8287.75,0.015643
2016-07,2016,Jul,8638.5,0.042321
2016-08,2016,Aug,8786.2,0.017098
2016-09,2016,Sep,8611.15,-0.019923
2016-10,2016,Oct,8625.7,0.00169
2016-11,2016,Nov,8224.5,-0.046512
2016-12,2016,Dec,8185.8,-0.004705
2017-01,2017,Jan,8561.3,0.045872
2017-02,2017,Feb,8879.6,0.037179
2017-03,2017,Mar,9173.75,0.033126
2017-04,2017,Apr,9304.05,0.014204
2017-05,2017,May,9621.25,0.034093
2017-06,2017,Jun,9520.9,-0.01043
2017-07,2017,Jul,10077.1,0.058419
2017-08,2017,Aug,9917.9,-0.015798
2017-09,2017,Sep,9788.6,-0.013037
2017-10,2017,Oct,10335.3,0.055851
2017-11,2017,Nov,10226.55,-0.010522
2017-12,2017,Dec,10530.7,0.029741
2018-01,2018,Jan,11027.7,0.047195
2018-02,2018,Feb,10492.85,-0.048501
2018-03,2018,Mar,10113.7,-0.036134
2018-04,2018,Apr,10739.35,0.061862
2018-05,2018,May,10736.15,-0.000298
2018-06,2018,Jun,10714.3,-0.002035
2018-07,2018,Jul,11356.5,0.059939
2018-08,2018,Aug,11680.5,0.02853
2018-09,2018,Sep,10930.45,-0.064214
2018-10,2018,Oct,10386.6,-0.049755
2018-11,2018,Nov,10876.75,0.047191
2018-12,2018,Dec,10862.55,-0.001306
2019-01,2019,Jan,10830.95,-0.002909
2019-02,2019,Feb,10792.5,-0.00355
2019-03,2019,Mar,11623.9,0.077035
2019-04,2019,Apr,11748.15,0.010689
2019-05,2019,May,11922.8,0.014866
2019-06,2019,Jun,11788.85,-0.011235
2019-07,2019,Jul,11118.0,-0.056905
2019-08,2019,Aug,11023.25,-0.008522
2019-09,2019,Sep,11474.45,0.040932
2019-10,2019,Oct,11877.45,0.035122
2019-11,2019,Nov,12056.05,0.015037
2019-12,2019,Dec,12168.45,0.009323
2020-01,2020,Jan,11962.1,-0.016958
2020-02,2020,Feb,11201.75,-0.063563
2020-03,2020,Mar,8597.75,-0.232464
2020-04,2020,Apr,9859.9,0.1468
2020-05,2020,May,9580.3,-0.028357
2020-06,2020,Jun,10302.1,0.075342
2020-07,2020,Jul,11073.45,0.074873
2020-08,2020,Aug,11387.5,0.028361
2020-09,2020,Sep,11247.55,-0.01229
2020-10,2020,Oct,11642.4,0.035105
2020-11,2020,Nov,12968.95,0.113941
2020-12,2020,Dec,13981.75,0.078094
2021-01,2021,Jan,13634.6,-0.024829
2021-02,2021,Feb,14529.15,0.065609
2021-03,2021,Mar,14690.7,0.011119
2021-04,2021,Apr,14631.1,-0.004057
2021-05,2021,May,15582.8,0.065046
2021-06,2021,Jun,15721.5,0.008901
2021-07,2021,Jul,15763.05,0.002643
2021-08,2021,Aug,17132.2,0.086858
2021-09,2021,Sep,17618.15,0.028365
2021-10,2021,Oct,17671.65,0.003037
2021-11,2021,Nov,16983.2,-0.038958
2021-12,2021,Dec,17354.05,0.021836
2022-01,2022,Jan,17339.85,-0.000818
2022-02,2022,Feb,16793.9,-0.031485
2022-03,2022,Mar,17464.75,0.039946
2022-04,2022,Apr,17102.55,-0.020739
2022-05,2022,May,16584.55,-0.030288
2022-06,2022,Jun,15780.25,-0.048497
2022-07,2022,Jul,17158.25,0.087324
2022-08,2022,Aug,17759.3,0.03503
2022-09,2022,Sep,17094.35,-0.037442
2022-10,2022,Oct,18012.2,0.053693
2022-11,2022,Nov,18758.35,0.041425
2022-12,2022,Dec,18105.3,-0.034814
2023-01,2023,Jan,17662.15,-0.024476
2023-02,2023,Feb,17303.95,-0.020281
2023-03,2023,Mar,17359.75,0.003225
2023-04,2023,Apr,18065.0,0.040626
2023-05,2023,May,18534.4,0.025984
2023-06,2023,Jun,19189.05,0.035321
2023-07,2023,Jul,19753.8,0.029431
2023-08,2023,Aug,19253.8,-0.025312
2023-09,2023,Sep,19638.3,0.01997
2023-10,2023,Oct,19079.6,-0.02845
2023-11,2023,Nov,20133.15,0.055219
2023-12,2023,Dec,21731.4,0.079384
2024-01,2024,Jan,21725.7,-0.000262
2024-02,2024,Feb,21982.8,0.011834
2024-03,2024,Mar,22326.9,0.015653
2024-04,2024,Apr,22604.85,0.012449
2024-05,2024,May,22530.7,-0.00328
2024-06,2024,Jun,24010.6,0.065684
2024-07,2024,Jul,24951.15,0.039172
2024-08,2024,Aug,25235.9,0.011412
2024-09,2024,Sep,25810.85,0.022783
2024-10,2024,Oct,24205.35,-0.062203
2024-11,2024,Nov,24131.1,-0.003068
2024-12,2024,Dec,23644.8,-0.020152
2025-01,2025,Jan,23508.4,-0.005769
2025-02,2025,Feb,22124.7,-0.05886
2025-03,2025,Mar,23519.35,0.063036
2025-04,2025,Apr,24334.2,0.034646
2025-05,2025,May,24750.7,0.017116
2025-06,2025,Jun,25517.05,0.030963
2025-07,2025,Jul,24768.35,-0.029341
2025-08,2025,Aug,24426.85,-0.013788
2025-09,2025,Sep,24611.1,0.007543
2025-10,2025,Oct,25722.1,0.045142
2025-11,2025,Nov,26202.95,0.018694
2025-12,2025,Dec,26129.6,-0.002799
2026-01,2026,Jan,25320.65,-0.030959
2026-02,2026,Feb,25178.65,-0.005608
2026-03,2026,Mar,22331.4,-0.113082
2026-04,2026,Apr,23997.55,0.07461
2026-05,2026,May,23547.75,-0.018744
2026-06,2026,Jun,23865.75,0.013504
2026-07,2026,Jul,24383.6,0.021698
2026-08,2026,Aug,24080.4,-0.012435
2026-09,2026,Sep,22620.45,-0.060628
