date,expiry,family,lot_size,dhan_lot
2020-09-07,2020-09-24,bull,75,75.0
2020-09-07,2020-09-24,bear,75,75.0
2020-09-14,2020-10-01,bull,75,75.0
2020-09-14,2020-10-01,bear,75,75.0
2020-09-21,2020-10-08,bull,75,75.0
2020-09-21,2020-10-08,bear,75,75.0
2020-09-28,2020-10-15,bull,75,75.0
2020-09-28,2020-10-15,bear,75,75.0
2020-10-06,2020-10-22,bull,75,75.0
2020-10-13,2020-10-29,bull,75,75.0
2020-10-13,2020-10-29,bear,75,75.0
2020-10-20,2020-11-05,bull,75,75.0
2020-10-20,2020-11-05,bear,75,75.0
2020-10-27,2020-11-12,bull,75,75.0
2020-10-27,2020-11-12,bear,75,75.0
2020-11-03,2020-11-19,bull,75,75.0
2020-11-10,2020-11-26,bull,75,75.0
2020-11-10,2020-11-26,bear,75,75.0
2020-11-18,2020-12-03,bull,75,75.0
2020-11-18,2020-12-03,bear,75,75.0
2020-11-25,2020-12-10,bull,75,75.0
2020-11-25,2020-12-10,bear,75,75.0
2020-12-03,2020-12-17,bull,75,75.0
2020-12-03,2020-12-17,bear,75,75.0
2020-12-10,2020-12-24,bull,75,75.0
2020-12-10,2020-12-24,bear,75,75.0
2020-12-17,2020-12-31,bull,75,75.0
2020-12-17,2020-12-31,bear,75,75.0
2020-12-24,2021-01-07,bull,75,75.0
2020-12-24,2021-01-07,bear,75,75.0
2021-01-01,2021-01-14,bull,75,75.0
2021-01-01,2021-01-14,bear,75,75.0
2021-01-08,2021-01-21,bull,75,75.0
2021-01-08,2021-01-21,bear,75,75.0
2021-01-15,2021-01-28,bull,75,75.0
2021-01-15,2021-01-28,bear,75,75.0
2021-01-22,2021-02-04,bull,75,75.0
2021-01-22,2021-02-04,bear,75,75.0
2021-02-01,2021-02-18,bull,75,75.0
2021-02-01,2021-02-18,bear,75,75.0
2021-02-08,2021-02-25,bull,75,75.0
2021-02-08,2021-02-25,bear,75,75.0
2021-02-15,2021-03-04,bull,75,75.0
2021-02-15,2021-03-04,bear,75,75.0
2021-02-22,2021-03-10,bull,75,75.0
2021-02-22,2021-03-10,bear,75,75.0
2021-03-01,2021-03-18,bull,75,75.0
2021-03-01,2021-03-18,bear,75,75.0
2021-03-08,2021-03-25,bull,75,75.0
2021-03-08,2021-03-25,bear,75,75.0
2021-03-16,2021-04-01,bull,75,75.0
2021-03-16,2021-04-01,bear,75,75.0
2021-03-23,2021-04-08,bull,75,75.0
2021-03-23,2021-04-08,bear,75,75.0
2021-03-31,2021-04-15,bull,75,75.0
2021-03-31,2021-04-15,bear,75,75.0
2021-04-08,2021-04-22,bull,75,75.0
2021-04-16,2021-04-29,bull,75,75.0
2021-04-16,2021-04-29,bear,75,75.0
2021-04-26,2021-05-12,bull,75,75.0
2021-04-26,2021-05-12,bear,75,75.0
2021-05-03,2021-05-20,bull,75,75.0
2021-05-03,2021-05-20,bear,75,75.0
2021-05-10,2021-05-27,bull,75,75.0
2021-05-10,2021-05-27,bear,75,75.0
2021-05-18,2021-06-03,bull,75,75.0
2021-05-18,2021-06-03,bear,75,75.0
2021-05-25,2021-06-10,bull,75,75.0
2021-05-25,2021-06-10,bear,75,75.0
2021-06-01,2021-06-17,bull,75,75.0
2021-06-01,2021-06-17,bear,75,75.0
2021-06-08,2021-06-24,bull,75,75.0
2021-06-08,2021-06-24,bear,75,75.0
2021-06-15,2021-07-01,bull,75,75.0
2021-06-15,2021-07-01,bear,75,75.0
2021-06-22,2021-07-08,bull,75,75.0
2021-06-22,2021-07-08,bear,75,75.0
2021-06-29,2021-07-15,condor,75,75.0
2021-06-29,2021-07-15,bull,75,75.0
2021-06-29,2021-07-15,bear,75,75.0
2021-07-06,2021-07-22,condor,75,75.0
2021-07-06,2021-07-22,bear,75,75.0
2021-07-13,2021-07-29,condor,75,50.0
2021-07-13,2021-07-29,bull,75,50.0
2021-07-13,2021-07-29,bear,75,50.0
2021-07-20,2021-08-05,bull,75,50.0
2021-07-20,2021-08-05,bear,75,50.0
2021-07-28,2021-08-12,bull,75,50.0
2021-07-28,2021-08-12,bear,75,50.0
2021-08-04,2021-08-18,bull,50,50.0
2021-08-11,2021-08-26,condor,50,50.0
2021-08-11,2021-08-26,bull,50,50.0
2021-08-11,2021-08-26,bear,50,50.0
2021-08-18,2021-09-02,bull,50,50.0
2021-08-18,2021-09-02,bear,50,50.0
2021-08-26,2021-09-09,bull,50,50.0
2021-08-26,2021-09-09,bear,50,50.0
2021-09-02,2021-09-16,bull,50,50.0
2021-09-02,2021-09-16,bear,50,50.0
2021-09-09,2021-09-23,bull,50,50.0
2021-09-09,2021-09-23,bear,50,50.0
2021-09-17,2021-09-30,bull,50,25.0
2021-09-17,2021-09-30,bear,50,25.0
2021-09-24,2021-10-07,bull,50,50.0
2021-09-24,2021-10-07,bear,50,50.0
2021-10-01,2021-10-14,bull,50,50.0
2021-10-01,2021-10-14,bear,50,50.0
2021-10-08,2021-10-21,bull,50,50.0
2021-10-08,2021-10-21,bear,50,50.0
2021-10-18,2021-11-03,bull,50,50.0
2021-10-18,2021-11-03,bear,50,50.0
2021-10-25,2021-11-11,bull,50,50.0
2021-10-25,2021-11-11,bear,50,50.0
2021-11-01,2021-11-18,bear,50,50.0
2021-11-10,2021-11-25,bull,50,50.0
2021-11-10,2021-11-25,bear,50,50.0
2021-11-17,2021-12-02,bull,50,50.0
2021-11-17,2021-12-02,bear,50,50.0
2021-11-25,2021-12-09,bull,50,50.0
2021-11-25,2021-12-09,bear,50,50.0
2021-12-02,2021-12-16,bull,50,50.0
2021-12-02,2021-12-16,bear,50,50.0
2021-12-09,2021-12-23,bull,50,50.0
2021-12-16,2021-12-30,bull,50,25.0
2021-12-16,2021-12-30,bear,50,25.0
2021-12-23,2022-01-06,bull,50,50.0
2021-12-23,2022-01-06,bear,50,50.0
2021-12-30,2022-01-13,bull,50,50.0
2021-12-30,2022-01-13,bear,50,50.0
2022-01-06,2022-01-20,bull,50,50.0
2022-01-06,2022-01-20,bear,50,50.0
2022-01-13,2022-01-27,bull,50,50.0
2022-01-13,2022-01-27,bear,50,50.0
2022-01-20,2022-02-03,bull,50,50.0
2022-01-20,2022-02-03,bear,50,50.0
2022-01-28,2022-02-10,bull,50,50.0
2022-01-28,2022-02-10,bear,50,50.0
2022-02-04,2022-02-17,bull,50,50.0
2022-02-04,2022-02-17,bear,50,50.0
2022-02-11,2022-02-24,bull,50,50.0
2022-02-11,2022-02-24,bear,50,50.0
2022-02-18,2022-03-03,bull,50,50.0
2022-02-18,2022-03-03,bear,50,50.0
2022-02-25,2022-03-10,bull,50,50.0
2022-02-25,2022-03-10,bear,50,50.0
2022-03-07,2022-03-24,bull,50,50.0
2022-03-07,2022-03-24,bear,50,50.0
2022-03-14,2022-03-31,bull,50,25.0
2022-03-14,2022-03-31,bear,50,25.0
2022-03-22,2022-04-07,bull,50,50.0
2022-03-22,2022-04-07,bear,50,50.0
2022-03-29,2022-04-13,bull,50,50.0
2022-03-29,2022-04-13,bear,50,50.0
2022-04-05,2022-04-21,bull,50,50.0
2022-04-05,2022-04-21,bear,50,50.0
2022-04-12,2022-04-28,bull,50,50.0
2022-04-12,2022-04-28,bear,50,50.0
2022-04-21,2022-05-05,bull,50,50.0
2022-04-21,2022-05-05,bear,50,50.0
2022-04-28,2022-05-12,bull,50,50.0
2022-04-28,2022-05-12,bear,50,50.0
2022-05-06,2022-05-19,bull,50,50.0
2022-05-06,2022-05-19,bear,50,50.0
2022-05-13,2022-05-26,bull,50,50.0
2022-05-13,2022-05-26,bear,50,50.0
2022-05-20,2022-06-02,bull,50,50.0
2022-05-20,2022-06-02,bear,50,50.0
2022-05-27,2022-06-09,bull,50,50.0
2022-05-27,2022-06-09,bear,50,50.0
2022-06-03,2022-06-16,bull,50,50.0
2022-06-03,2022-06-16,bear,50,50.0
2022-06-10,2022-06-23,bull,50,50.0
2022-06-10,2022-06-23,bear,50,50.0
2022-06-17,2022-06-30,bull,50,25.0
2022-06-17,2022-06-30,bear,50,25.0
2022-06-24,2022-07-07,bull,50,50.0
2022-06-24,2022-07-07,bear,50,50.0
2022-07-01,2022-07-14,bull,50,50.0
2022-07-01,2022-07-14,bear,50,50.0
2022-07-08,2022-07-21,bull,50,50.0
2022-07-08,2022-07-21,bear,50,50.0
2022-07-15,2022-07-28,bull,50,50.0
2022-07-15,2022-07-28,bear,50,50.0
2022-07-22,2022-08-04,bull,50,50.0
2022-07-22,2022-08-04,bear,50,50.0
2022-07-29,2022-08-11,bull,50,50.0
2022-07-29,2022-08-11,bear,50,50.0
2022-08-05,2022-08-18,bull,50,50.0
2022-08-05,2022-08-18,bear,50,50.0
2022-08-16,2022-09-01,bull,50,50.0
2022-08-16,2022-09-01,bear,50,50.0
2022-08-23,2022-09-08,bull,50,50.0
2022-08-23,2022-09-08,bear,50,50.0
2022-08-30,2022-09-15,bull,50,50.0
2022-08-30,2022-09-15,bear,50,50.0
2022-09-07,2022-09-22,bull,50,50.0
2022-09-07,2022-09-22,bear,50,50.0
2022-09-14,2022-09-29,bull,50,50.0
2022-09-14,2022-09-29,bear,50,50.0
2022-09-21,2022-10-06,bull,50,50.0
2022-09-21,2022-10-06,bear,50,50.0
2022-09-28,2022-10-13,bull,50,50.0
2022-09-28,2022-10-13,bear,50,50.0
2022-10-06,2022-10-20,bull,50,50.0
2022-10-06,2022-10-20,bear,50,50.0
2022-10-13,2022-10-27,bull,50,50.0
2022-10-13,2022-10-27,bear,50,50.0
2022-10-20,2022-11-03,bull,50,50.0
2022-10-20,2022-11-03,bear,50,50.0
2022-10-31,2022-11-17,bull,50,50.0
2022-10-31,2022-11-17,bear,50,50.0
2022-11-07,2022-11-24,bull,50,50.0
2022-11-07,2022-11-24,bear,50,50.0
2022-11-15,2022-12-01,bull,50,50.0
2022-11-15,2022-12-01,bear,50,50.0
2022-11-22,2022-12-08,bull,50,50.0
2022-11-22,2022-12-08,bear,50,50.0
2022-11-29,2022-12-15,bull,50,50.0
2022-11-29,2022-12-15,bear,50,50.0
2022-12-06,2022-12-22,bull,50,50.0
2022-12-06,2022-12-22,bear,50,50.0
2022-12-13,2022-12-29,bull,50,50.0
2022-12-13,2022-12-29,bear,50,50.0
2022-12-20,2023-01-05,bull,50,50.0
2022-12-20,2023-01-05,bear,50,50.0
2022-12-27,2023-01-12,bull,50,50.0
2022-12-27,2023-01-12,bear,50,50.0
2023-01-03,2023-01-19,bull,50,50.0
2023-01-03,2023-01-19,bear,50,50.0
2023-01-10,2023-01-25,bull,50,50.0
2023-01-10,2023-01-25,bear,50,50.0
2023-01-17,2023-02-02,bull,50,50.0
2023-01-17,2023-02-02,bear,50,50.0
2023-01-24,2023-02-09,bull,50,50.0
2023-01-24,2023-02-09,bear,50,50.0
2023-02-01,2023-02-16,bull,50,50.0
2023-02-01,2023-02-16,bear,50,50.0
2023-02-08,2023-02-23,bull,50,50.0
2023-02-08,2023-02-23,bear,50,50.0
2023-02-15,2023-03-02,bull,50,50.0
2023-02-15,2023-03-02,bear,50,50.0
2023-02-22,2023-03-09,bull,50,50.0
2023-02-22,2023-03-09,bear,50,50.0
2023-03-01,2023-03-16,bull,50,50.0
2023-03-01,2023-03-16,bear,50,50.0
2023-03-09,2023-03-23,bull,50,50.0
2023-03-09,2023-03-23,bear,50,50.0
2023-03-16,2023-03-29,bull,50,50.0
2023-03-16,2023-03-29,bear,50,50.0
2023-03-23,2023-04-06,bull,50,50.0
2023-03-23,2023-04-06,bear,50,50.0
2023-03-31,2023-04-13,condor,50,50.0
2023-03-31,2023-04-13,bull,50,50.0
2023-03-31,2023-04-13,bear,50,50.0
2023-04-11,2023-04-27,condor,50,50.0
2023-04-11,2023-04-27,bull,50,50.0
2023-04-11,2023-04-27,bear,50,50.0
2023-04-19,2023-05-04,condor,50,50.0
2023-04-19,2023-05-04,bull,50,50.0
2023-04-19,2023-05-04,bear,50,50.0
2023-04-26,2023-05-11,bull,50,50.0
2023-04-26,2023-05-11,bear,50,50.0
2023-05-04,2023-05-18,condor,50,50.0
2023-05-04,2023-05-18,bull,50,50.0
2023-05-04,2023-05-18,bear,50,50.0
2023-05-11,2023-05-25,condor,50,50.0
2023-05-11,2023-05-25,bull,50,50.0
2023-05-11,2023-05-25,bear,50,50.0
2023-05-18,2023-06-01,condor,50,50.0
2023-05-18,2023-06-01,bull,50,50.0
2023-05-18,2023-06-01,bear,50,50.0
2023-05-25,2023-06-08,bull,50,50.0
2023-05-25,2023-06-08,bear,50,50.0
2023-06-01,2023-06-15,condor,50,50.0
2023-06-01,2023-06-15,bull,50,50.0
2023-06-01,2023-06-15,bear,50,50.0
2023-06-08,2023-06-22,condor,50,50.0
2023-06-08,2023-06-22,bull,50,50.0
2023-06-08,2023-06-22,bear,50,50.0
2023-06-15,2023-06-28,condor,50,50.0
2023-06-15,2023-06-28,condor_range,50,50.0
2023-06-15,2023-06-28,bull,50,50.0
2023-06-15,2023-06-28,bear,50,50.0
2023-06-22,2023-07-06,bull,50,50.0
2023-06-22,2023-07-06,bear,50,50.0
2023-06-30,2023-07-13,condor,50,50.0
2023-06-30,2023-07-13,condor_range,50,50.0
2023-06-30,2023-07-13,bull,50,50.0
2023-06-30,2023-07-13,bear,50,50.0
2023-07-07,2023-07-20,bull,50,50.0
2023-07-07,2023-07-20,bear,50,50.0
2023-07-14,2023-07-27,condor,50,50.0
2023-07-14,2023-07-27,bull,50,50.0
2023-07-14,2023-07-27,bear,50,50.0
2023-07-21,2023-08-03,bull,50,50.0
2023-07-21,2023-08-03,bear,50,50.0
2023-07-28,2023-08-10,condor_range,50,50.0
2023-07-28,2023-08-10,bull,50,50.0
2023-07-28,2023-08-10,bear,50,50.0
2023-08-04,2023-08-17,condor,50,50.0
2023-08-04,2023-08-17,bull,50,50.0
2023-08-04,2023-08-17,bear,50,50.0
2023-08-11,2023-08-24,condor,50,50.0
2023-08-11,2023-08-24,bull,50,50.0
2023-08-11,2023-08-24,bear,50,50.0
2023-08-21,2023-09-07,bull,50,50.0
2023-08-21,2023-09-07,bear,50,50.0
2023-08-28,2023-09-14,bull,50,50.0
2023-08-28,2023-09-14,bear,50,50.0
2023-09-04,2023-09-21,condor,50,50.0
2023-09-04,2023-09-21,bull,50,50.0
2023-09-04,2023-09-21,bear,50,50.0
2023-09-11,2023-09-28,bull,50,50.0
2023-09-11,2023-09-28,bear,50,50.0
2023-09-18,2023-10-05,bull,50,50.0
2023-09-18,2023-10-05,bear,50,50.0
2023-09-26,2023-10-12,bull,50,50.0
2023-09-26,2023-10-12,bear,50,50.0
2023-10-04,2023-10-19,bull,50,50.0
2023-10-04,2023-10-19,bear,50,50.0
2023-10-11,2023-10-26,bull,50,50.0
2023-10-11,2023-10-26,bear,50,50.0
2023-10-18,2023-11-02,bull,50,50.0
2023-10-18,2023-11-02,bear,50,50.0
2023-10-26,2023-11-09,bull,50,50.0
2023-10-26,2023-11-09,bear,50,50.0
2023-11-02,2023-11-16,condor,50,50.0
2023-11-02,2023-11-16,bull,50,50.0
2023-11-02,2023-11-16,bear,50,50.0
2023-11-09,2023-11-23,condor,50,50.0
2023-11-09,2023-11-23,bull,50,50.0
2023-11-09,2023-11-23,bear,50,50.0
2023-11-17,2023-11-30,condor,50,50.0
2023-11-17,2023-11-30,bull,50,50.0
2023-11-17,2023-11-30,bear,50,50.0
2023-11-24,2023-12-07,condor,50,50.0
2023-11-24,2023-12-07,bull,50,50.0
2023-11-24,2023-12-07,bear,50,50.0
2023-12-04,2023-12-21,bull,50,50.0
2023-12-04,2023-12-21,bear,50,50.0
2023-12-11,2023-12-28,bull,50,50.0
2023-12-11,2023-12-28,bear,50,50.0
2023-12-18,2024-01-04,bull,50,50.0
2023-12-18,2024-01-04,bear,50,50.0
2023-12-26,2024-01-11,bull,50,50.0
2023-12-26,2024-01-11,bear,50,50.0
2024-01-02,2024-01-18,bull,50,50.0
2024-01-02,2024-01-18,bear,50,50.0
2024-01-09,2024-01-25,bull,50,50.0
2024-01-09,2024-01-25,bear,50,50.0
2024-01-16,2024-02-01,bull,50,50.0
2024-01-16,2024-02-01,bear,50,50.0
2024-01-23,2024-02-08,bull,50,50.0
2024-01-23,2024-02-08,bear,50,50.0
2024-01-31,2024-02-15,bull,50,50.0
2024-01-31,2024-02-15,bear,50,50.0
2024-02-07,2024-02-22,bull,50,50.0
2024-02-07,2024-02-22,bear,50,50.0
2024-02-14,2024-02-29,bull,50,50.0
2024-02-14,2024-02-29,bear,50,50.0
2024-02-21,2024-03-07,bull,50,50.0
2024-02-21,2024-03-07,bear,50,50.0
2024-02-28,2024-03-14,bull,50,50.0
2024-02-28,2024-03-14,bear,50,50.0
2024-03-05,2024-03-21,bull,50,50.0
2024-03-13,2024-03-28,bull,50,50.0
2024-03-13,2024-03-28,bear,50,50.0
2024-03-20,2024-04-04,bull,50,50.0
2024-03-20,2024-04-04,bear,50,50.0
2024-03-28,2024-04-10,bull,50,50.0
2024-03-28,2024-04-10,bear,50,50.0
2024-04-05,2024-04-18,bull,50,50.0
2024-04-05,2024-04-18,bear,50,50.0
2024-04-15,2024-05-02,bull,50,50.0
2024-04-15,2024-05-02,bear,50,50.0
2024-04-23,2024-05-09,bull,50,50.0
2024-04-23,2024-05-09,bear,50,50.0
2024-04-30,2024-05-16,bull,25,25.0
2024-04-30,2024-05-16,bear,25,25.0
2024-05-08,2024-05-23,bull,25,25.0
2024-05-08,2024-05-23,bear,25,25.0
2024-05-15,2024-05-30,bull,25,25.0
2024-05-15,2024-05-30,bear,25,25.0
2024-05-22,2024-06-06,bull,25,25.0
2024-05-22,2024-06-06,bear,25,25.0
2024-05-29,2024-06-13,bull,25,25.0
2024-05-29,2024-06-13,bear,25,25.0
2024-06-05,2024-06-20,bull,25,25.0
2024-06-12,2024-06-27,bull,25,25.0
2024-06-12,2024-06-27,bear,25,25.0
2024-06-20,2024-07-04,bull,25,25.0
2024-06-20,2024-07-04,bear,25,25.0
2024-06-27,2024-07-11,bull,25,25.0
2024-06-27,2024-07-11,bear,25,25.0
2024-07-04,2024-07-18,bull,25,25.0
2024-07-04,2024-07-18,bear,25,25.0
2024-07-11,2024-07-25,bull,25,25.0
2024-07-11,2024-07-25,bear,25,25.0
2024-07-19,2024-08-01,bull,25,25.0
2024-07-19,2024-08-01,bear,25,25.0
2024-07-26,2024-08-08,bull,25,25.0
2024-07-26,2024-08-08,bear,25,25.0
2024-08-02,2024-08-14,bull,25,25.0
2024-08-02,2024-08-14,bear,25,25.0
2024-08-09,2024-08-22,bull,25,25.0
2024-08-09,2024-08-22,bear,25,25.0
2024-08-19,2024-09-05,bull,25,25.0
2024-08-19,2024-09-05,bear,25,25.0
2024-08-26,2024-09-12,bull,25,25.0
2024-08-26,2024-09-12,bear,25,25.0
2024-09-02,2024-09-19,bull,25,25.0
2024-09-02,2024-09-19,bear,25,25.0
2024-09-09,2024-09-26,bull,25,25.0
2024-09-09,2024-09-26,bear,25,25.0
2024-09-16,2024-10-03,bull,25,25.0
2024-09-16,2024-10-03,bear,25,25.0
2024-09-23,2024-10-10,bull,25,25.0
2024-09-23,2024-10-10,bear,25,25.0
2024-09-30,2024-10-17,bull,25,25.0
2024-09-30,2024-10-17,bear,25,25.0
2024-10-08,2024-10-24,bull,25,25.0
2024-10-08,2024-10-24,bear,25,25.0
2024-10-15,2024-10-31,bull,25,25.0
2024-10-15,2024-10-31,bear,25,25.0
2024-10-22,2024-11-07,bull,25,25.0
2024-10-22,2024-11-07,bear,25,25.0
2024-10-29,2024-11-14,bull,25,25.0
2024-10-29,2024-11-14,bear,25,25.0
2024-11-06,2024-11-21,bull,25,25.0
2024-11-06,2024-11-21,bear,25,25.0
2024-11-13,2024-11-28,bull,25,25.0
2024-11-13,2024-11-28,bear,25,25.0
2024-11-22,2024-12-05,bull,75,25.0
2024-11-22,2024-12-05,bear,75,25.0
2024-11-29,2024-12-12,bull,75,25.0
2024-11-29,2024-12-12,bear,75,25.0
2024-12-06,2024-12-19,bull,75,25.0
2024-12-06,2024-12-19,bear,75,25.0
2024-12-13,2024-12-26,bull,75,25.0
2024-12-13,2024-12-26,bear,75,25.0
2024-12-20,2025-01-02,bull,75,75.0
2024-12-20,2025-01-02,bear,75,75.0
2024-12-30,2025-01-16,bull,75,75.0
2025-01-06,2025-01-23,bull,75,75.0
2025-01-13,2025-01-30,bull,75,25.0
2025-01-13,2025-01-30,bear,75,25.0
2025-01-20,2025-02-06,bull,75,75.0
2025-01-20,2025-02-06,bear,75,75.0
2025-01-27,2025-02-13,bull,75,75.0
2025-01-27,2025-02-13,bear,75,75.0
2025-02-01,2025-02-13,bull,75,75.0
2025-02-01,2025-02-13,bear,75,75.0
2025-02-07,2025-02-20,bull,75,75.0
2025-02-07,2025-02-20,bear,75,75.0
2025-02-14,2025-02-27,bull,75,75.0
2025-02-14,2025-02-27,bear,75,75.0
2025-02-21,2025-03-06,bull,75,75.0
2025-02-21,2025-03-06,bear,75,75.0
2025-03-03,2025-03-20,bear,75,75.0
2025-03-10,2025-03-27,bull,75,25.0
2025-03-10,2025-03-27,bear,75,25.0
2025-03-18,2025-04-03,bull,75,75.0
2025-03-18,2025-04-03,bear,75,75.0
2025-03-25,2025-04-09,bull,75,75.0
2025-03-25,2025-04-09,bear,75,75.0
2025-04-02,2025-04-17,bull,75,75.0
2025-04-02,2025-04-17,bear,75,75.0
2025-04-09,2025-04-24,bull,75,75.0
2025-04-09,2025-04-24,bear,75,75.0
2025-04-21,2025-05-08,bull,75,75.0
2025-04-21,2025-05-08,bear,75,75.0
2025-04-28,2025-05-15,bull,75,75.0
2025-04-28,2025-05-15,bear,75,75.0
2025-05-06,2025-05-22,bull,75,75.0
2025-05-06,2025-05-22,bear,75,75.0
2025-05-13,2025-05-29,bull,75,75.0
2025-05-13,2025-05-29,bear,75,75.0
2025-05-20,2025-06-05,bull,75,75.0
2025-05-20,2025-06-05,bear,75,75.0
2025-05-27,2025-06-12,bull,75,75.0
2025-05-27,2025-06-12,bear,75,75.0
2025-06-03,2025-06-19,bull,75,75.0
2025-06-03,2025-06-19,bear,75,75.0
2025-06-10,2025-06-26,bull,75,25.0
2025-06-10,2025-06-26,bear,75,25.0
2025-06-17,2025-07-03,bull,75,75.0
2025-06-17,2025-07-03,bear,75,75.0
2025-06-24,2025-07-10,bull,75,75.0
2025-06-24,2025-07-10,bear,75,75.0
2025-07-01,2025-07-17,bull,75,75.0
2025-07-01,2025-07-17,bear,75,75.0
2025-07-08,2025-07-24,bull,75,75.0
2025-07-08,2025-07-24,bear,75,75.0
2025-07-15,2025-07-31,bull,75,75.0
2025-07-15,2025-07-31,bear,75,75.0
2025-07-22,2025-08-07,bull,75,75.0
2025-07-22,2025-08-07,bear,75,75.0
2025-07-29,2025-08-14,bull,75,75.0
2025-07-29,2025-08-14,bear,75,75.0
2025-08-05,2025-08-21,bull,75,75.0
2025-08-05,2025-08-21,bear,75,75.0
2025-08-12,2025-08-28,bull,75,75.0
2025-08-12,2025-08-28,bear,75,75.0
2025-08-20,2025-09-02,bull,75,75.0
2025-08-20,2025-09-02,bear,75,75.0
2025-08-28,2025-09-09,bull,75,75.0
2025-08-28,2025-09-09,bear,75,75.0
2025-09-04,2025-09-16,bull,75,75.0
2025-09-04,2025-09-16,bear,75,75.0
2025-09-11,2025-09-23,bull,75,75.0
2025-09-11,2025-09-23,bear,75,75.0
2025-09-18,2025-09-30,condor,75,75.0
2025-09-18,2025-09-30,bull,75,75.0
2025-09-18,2025-09-30,bear,75,75.0
2025-09-25,2025-10-07,bull,75,75.0
2025-09-25,2025-10-07,bear,75,75.0
2025-10-03,2025-10-20,bull,75,75.0
2025-10-03,2025-10-20,bear,75,75.0
2025-10-10,2025-10-28,bull,75,75.0
2025-10-10,2025-10-28,bear,75,75.0
2025-10-17,2025-11-04,bull,75,75.0
2025-10-17,2025-11-04,bear,75,75.0
2025-10-27,2025-11-11,bull,75,75.0
2025-10-27,2025-11-11,bear,75,75.0
2025-11-03,2025-11-18,bull,75,75.0
2025-11-03,2025-11-18,bear,75,75.0
2025-11-11,2025-11-25,bull,75,75.0
2025-11-11,2025-11-25,bear,75,75.0
2025-11-18,2025-12-02,bull,75,75.0
2025-11-18,2025-12-02,bear,75,75.0
2025-11-25,2025-12-09,bull,75,75.0
2025-11-25,2025-12-09,bear,75,75.0
2025-12-02,2025-12-16,bull,75,75.0
2025-12-02,2025-12-16,bear,75,75.0
2025-12-09,2025-12-23,bull,75,75.0
2025-12-09,2025-12-23,bear,75,75.0
2025-12-16,2025-12-30,bull,75,25.0
2025-12-16,2025-12-30,bear,75,25.0
2025-12-23,2026-01-06,bull,75,65.0
2025-12-23,2026-01-06,bear,75,65.0
2025-12-31,2026-01-13,bull,65,65.0
2025-12-31,2026-01-13,bear,65,65.0
2026-01-07,2026-01-20,bull,65,65.0
2026-01-07,2026-01-20,bear,65,65.0
2026-01-14,2026-01-27,bull,65,65.0
2026-01-14,2026-01-27,bear,65,65.0
2026-01-22,2026-02-03,bull,65,65.0
2026-01-22,2026-02-03,bear,65,65.0
2026-01-30,2026-02-17,bull,65,65.0
2026-01-30,2026-02-17,bear,65,65.0
2026-02-05,2026-02-17,bull,65,65.0
2026-02-05,2026-02-17,bear,65,65.0
2026-02-12,2026-02-24,bull,65,65.0
2026-02-12,2026-02-24,bear,65,65.0
2026-02-19,2026-03-10,bull,65,65.0
2026-02-19,2026-03-10,bear,65,65.0
2026-02-26,2026-03-10,bull,65,65.0
2026-02-26,2026-03-10,bear,65,65.0
2026-03-06,2026-03-24,bear,65,65.0
2026-03-13,2026-03-30,bull,65,
2026-03-13,2026-03-30,bear,65,
2026-03-20,2026-04-07,bull,65,65.0
2026-03-20,2026-04-07,bear,65,65.0
2026-03-30,2026-04-13,bull,65,65.0
2026-04-08,2026-04-21,bull,65,65.0
2026-04-08,2026-04-21,bear,65,65.0
2026-04-16,2026-04-28,bull,65,65.0
2026-04-16,2026-04-28,bear,65,65.0
2026-04-23,2026-05-05,bull,65,65.0
2026-04-23,2026-05-05,bear,65,65.0
2026-04-30,2026-05-12,bull,65,65.0
2026-04-30,2026-05-12,bear,65,65.0
2026-05-08,2026-05-26,bull,65,65.0
2026-05-08,2026-05-26,bear,65,65.0
2026-05-15,2026-06-02,bull,65,65.0
2026-05-15,2026-06-02,bear,65,65.0
2026-05-22,2026-06-09,bull,65,65.0
2026-05-22,2026-06-09,bear,65,65.0
2026-06-01,2026-06-16,bull,65,65.0
2026-06-01,2026-06-16,bear,65,65.0
2026-06-08,2026-06-23,bull,65,65.0
2026-06-08,2026-06-23,bear,65,65.0
2026-06-15,2026-06-30,bull,65,
2026-06-15,2026-06-30,bear,65,
2026-06-22,2026-07-07,bull,65,65.0
2026-06-22,2026-07-07,bear,65,65.0
2026-06-30,2026-07-14,bull,65,65.0
2026-06-30,2026-07-14,bear,65,65.0
2026-07-07,2026-07-21,bull,65,65.0
2026-07-07,2026-07-21,bear,65,65.0
2026-07-14,2026-07-28,bull,65,65.0
2026-07-14,2026-07-28,bear,65,65.0
2026-07-21,2026-08-04,bull,65,65.0
2026-07-21,2026-08-04,bear,65,65.0
2026-07-28,2026-08-11,bull,65,65.0
2026-07-28,2026-08-11,bear,65,65.0
2026-08-04,2026-08-18,bull,65,65.0
2026-08-04,2026-08-18,bear,65,65.0
2026-08-11,2026-08-25,bull,65,65.0
2026-08-11,2026-08-25,bear,65,65.0
2026-08-18,2026-09-01,bull,65,65.0
2026-08-18,2026-09-01,bear,65,65.0
2026-08-25,2026-09-08,bull,65,65.0
2026-08-25,2026-09-08,bear,65,65.0
2026-09-01,2026-09-15,bull,65,65.0
2026-09-01,2026-09-15,bear,65,65.0
2026-09-08,2026-09-22,bull,65,65.0
2026-09-08,2026-09-22,bear,65,65.0
2026-09-16,2026-09-29,bull,65,
2026-09-16,2026-09-29,bear,65,
2026-09-23,2026-10-06,bull,65,65.0
2026-09-23,2026-10-06,bear,65,65.0
2026-09-30,2026-10-13,bull,65,65.0
2026-09-30,2026-10-13,bear,65,65.0
